Fecha sistema,Metodología,Cobertura geográfica,Fecha (Mes año),Tasa de ocupación (%),Tasa de desempleo (%)
08/09/2026 13:03:07,Metodología GEIH Empalme DANE 2022,Siete áreas metropolitanas,2001-03-31 00:00:00,56.25916939,19.90882421
08/09/2026 13:03:07,Metodología GEIH Empalme DANE 2022,Siete áreas metropolitanas,2001-06-30 00:00:00,55.37125818,18.11287062
08/09/2026 13:03:07,Metodología GEIH Empalme DANE 2022,Siete áreas metropolitanas,2001-09-30 00:00:00,55.97264233,17.91728149
08/09/2026 13:03:07,Metodología GEIH Empalme DANE 2022,Siete áreas metropolitanas,2001-12-31 00:00:00,57.71665119,16.87809231
08/09/2026 13:03:07,Metodología GEIH Empalme DANE 2022,Siete áreas metropolitanas,2002-03-31 00:00:00,55.24836583,19.08860573
08/09/2026 13:03:07,Metodología GEIH Empalme DANE 2022,Siete áreas metropolitanas,2002-06-30 00:00:00,56.25314709,18.13595334
08/09/2026 13:03:07,Metodología GEIH Empalme DANE 2022,Siete áreas metropolitanas,2002-09-30 00:00:00,56.07816769,18.22586163
08/09/2026 13:03:07,Metodología GEIH Empalme DANE 2022,Siete áreas metropolitanas,2002-12-31 00:00:00,58.7689697,15.87848144
08/09/2026 13:03:07,Metodología GEIH Empalme DANE 2022,Siete áreas metropolitanas,2003-03-31 00:00:00,56.26901843,17.70932065
08/09/2026 13:03:07,Metodología GEIH Empalme DANE 2022,Siete áreas metropolitanas,2003-06-30 00:00:00,56.97055839,16.93847007
08/09/2026 13:03:07,Metodología GEIH Empalme DANE 2022,Siete áreas metropolitanas,2003-09-30 00:00:00,58.06736514,17.10964976
08/09/2026 13:03:07,Metodología GEIH Empalme DANE 2022,Siete áreas metropolitanas,2003-12-31 00:00:00,59.84179155,14.82215983
08/09/2026 13:03:07,Metodología GEIH Empalme DANE 2022,Siete áreas metropolitanas,2004-03-31 00:00:00,56.81938266,17.07205022
08/09/2026 13:03:07,Metodología GEIH Empalme DANE 2022,Siete áreas metropolitanas,2004-06-30 00:00:00,56.196309,15.50627888
08/09/2026 13:03:07,Metodología GEIH Empalme DANE 2022,Siete áreas metropolitanas,2004-09-30 00:00:00,57.94603572,14.70574179
08/09/2026 13:03:07,Metodología GEIH Empalme DANE 2022,Siete áreas metropolitanas,2004-12-31 00:00:00,58.62910175,13.55669324
08/09/2026 13:03:07,Metodología GEIH Empalme DANE 2022,Siete áreas metropolitanas,2005-03-31 00:00:00,56.68332586,15.55868903
08/09/2026 13:03:07,Metodología GEIH Empalme DANE 2022,Siete áreas metropolitanas,2005-06-30 00:00:00,58.23113802,13.69813297
08/09/2026 13:03:07,Metodología GEIH Empalme DANE 2022,Siete áreas metropolitanas,2005-09-30 00:00:00,58.03678127,13.54402944
08/09/2026 13:03:07,Metodología GEIH Empalme DANE 2022,Siete áreas metropolitanas,2005-12-31 00:00:00,60.01006586,11.85258829
08/09/2026 13:03:07,Metodología GEIH Empalme DANE 2022,Siete áreas metropolitanas,2006-03-31 00:00:00,58.82293396,13.57322227
08/09/2026 13:03:07,Metodología GEIH Empalme DANE 2022,Siete áreas metropolitanas,2006-06-30 00:00:00,58.15875208,12.69115587
08/09/2026 13:03:07,Metodología GEIH Empalme DANE 2022,Siete áreas metropolitanas,2006-09-30 00:00:00,57.73239184,12.41073745
08/09/2026 13:03:07,Metodología GEIH Empalme DANE 2022,Siete áreas metropolitanas,2006-12-31 00:00:00,57.47170129,11.7542709
08/09/2026 13:03:07,Metodología GEIH Empalme DANE 2022,Siete áreas metropolitanas,2007-03-31 00:00:00,57.3775393,12.78777737
08/09/2026 13:03:07,Metodología GEIH Empalme DANE 2022,Siete áreas metropolitanas,2007-06-30 00:00:00,58.51261521,11.30879209
08/09/2026 13:03:07,Metodología GEIH Empalme DANE 2022,Siete áreas metropolitanas,2007-09-30 00:00:00,59.01326856,10.93631928
08/09/2026 13:03:07,Metodología GEIH Empalme DANE 2022,Siete áreas metropolitanas,2007-12-31 00:00:00,60.30179453,9.48993236
08/09/2026 13:03:07,Metodología GEIH Empalme DANE 2022,Siete áreas metropolitanas,2008-03-31 00:00:00,59.32663055,12.05667858
08/09/2026 13:03:07,Metodología GEIH Empalme DANE 2022,Siete áreas metropolitanas,2008-06-30 00:00:00,59.24589829,11.47373133
08/09/2026 13:03:07,Metodología GEIH Empalme DANE 2022,Siete áreas metropolitanas,2008-09-30 00:00:00,60.01099938,11.33449833
08/09/2026 13:03:07,Metodología GEIH Empalme DANE 2022,Siete áreas metropolitanas,2008-12-31 00:00:00,59.38804347,10.47574373
08/09/2026 13:03:07,Metodología GEIH Empalme DANE 2022,Siete áreas metropolitanas,2009-03-31 00:00:00,58.66747903,13.89289719
08/09/2026 13:03:07,Metodología GEIH Empalme DANE 2022,Siete áreas metropolitanas,2009-06-30 00:00:00,60.53895365,12.54429679
08/09/2026 13:03:07,Metodología GEIH Empalme DANE 2022,Siete áreas metropolitanas,2009-09-30 00:00:00,60.34644043,12.69930154
08/09/2026 13:03:07,Metodología GEIH Empalme DANE 2022,Siete áreas metropolitanas,2009-12-31 00:00:00,61.9504358,11.95438289
08/09/2026 13:03:07,Metodología GEIH Empalme DANE 2022,Siete áreas metropolitanas,2010-03-31 00:00:00,60.2345653,13.42502088
08/09/2026 13:03:07,Metodología GEIH Empalme DANE 2022,Siete áreas metropolitanas,2010-06-30 00:00:00,61.06141408,12.4523937
08/09/2026 13:03:07,Metodología GEIH Empalme DANE 2022,Siete áreas metropolitanas,2010-09-30 00:00:00,61.92120679,11.93415248
08/09/2026 13:03:07,Metodología GEIH Empalme DANE 2022,Siete áreas metropolitanas,2010-12-31 00:00:00,63.34125573,10.57731085
08/09/2026 13:03:07,Metodología GEIH Empalme DANE 2022,Siete áreas metropolitanas,2011-03-31 00:00:00,60.71554959,12.87498736
08/09/2026 13:03:07,Metodología GEIH Empalme DANE 2022,Siete áreas metropolitanas,2011-06-30 00:00:00,62.22310802,11.1710701
08/09/2026 13:03:07,Metodología GEIH Empalme DANE 2022,Siete áreas metropolitanas,2011-09-30 00:00:00,63.14441935,10.23902752
08/09/2026 13:03:07,Metodología GEIH Empalme DANE 2022,Siete áreas metropolitanas,2011-12-31 00:00:00,64.12212885,10.11571338
08/09/2026 13:03:07,Metodología GEIH Empalme DANE 2022,Siete áreas metropolitanas,2012-03-31 00:00:00,61.62072471,12.02090646
08/09/2026 13:03:07,Metodología GEIH Empalme DANE 2022,Siete áreas metropolitanas,2012-06-30 00:00:00,62.97967919,11.34609635
08/09/2026 13:03:07,Metodología GEIH Empalme DANE 2022,Siete áreas metropolitanas,2012-09-30 00:00:00,63.59891609,10.78870228
08/09/2026 13:03:07,Metodología GEIH Empalme DANE 2022,Siete áreas metropolitanas,2012-12-31 00:00:00,63.97617186,9.987836057
08/09/2026 13:03:07,Metodología GEIH Empalme DANE 2022,Siete áreas metropolitanas,2013-03-31 00:00:00,61.67174996,12.14956893
08/09/2026 13:03:07,Metodología GEIH Empalme DANE 2022,Siete áreas metropolitanas,2013-06-30 00:00:00,62.74186264,10.73681009
08/09/2026 13:03:07,Metodología GEIH Empalme DANE 2022,Siete áreas metropolitanas,2013-09-30 00:00:00,63.62402086,9.92852777
08/09/2026 13:03:07,Metodología GEIH Empalme DANE 2022,Siete áreas metropolitanas,2013-12-31 00:00:00,63.7421452,9.090686348
08/09/2026 13:03:07,Metodología GEIH Empalme DANE 2022,Siete áreas metropolitanas,2014-03-31 00:00:00,61.97303154,11.22900598
08/09/2026 13:03:07,Metodología GEIH Empalme DANE 2022,Siete áreas metropolitanas,2014-06-30 00:00:00,63.41606729,9.863413621
08/09/2026 13:03:07,Metodología GEIH Empalme DANE 2022,Siete áreas metropolitanas,2014-09-30 00:00:00,63.97820288,9.546044227
08/09/2026 13:03:07,Metodología GEIH Empalme DANE 2022,Siete áreas metropolitanas,2014-12-31 00:00:00,64.25404357,9.018146347
08/09/2026 13:03:07,Metodología GEIH Empalme DANE 2022,Siete áreas metropolitanas,2015-03-31 00:00:00,62.51165999,10.66790732
08/09/2026 13:03:07,Metodología GEIH Empalme DANE 2022,Siete áreas metropolitanas,2015-06-30 00:00:00,62.88204236,9.981824764
08/09/2026 13:03:07,Metodología GEIH Empalme DANE 2022,Siete áreas metropolitanas,2015-09-30 00:00:00,63.04257413,9.632500886
08/09/2026 13:03:07,Metodología GEIH Empalme DANE 2022,Siete áreas metropolitanas,2015-12-31 00:00:00,63.6723435,9.062219969
08/09/2026 13:03:07,Metodología GEIH Empalme DANE 2022,Siete áreas metropolitanas,2016-03-31 00:00:00,61.35906145,11.56528004
08/09/2026 13:03:07,Metodología GEIH Empalme DANE 2022,Siete áreas metropolitanas,2016-06-30 00:00:00,62.10713114,9.47727082
08/09/2026 13:03:07,Metodología GEIH Empalme DANE 2022,Siete áreas metropolitanas,2016-09-30 00:00:00,62.12159301,9.848080575
08/09/2026 13:03:07,Metodología GEIH Empalme DANE 2022,Siete áreas metropolitanas,2016-12-31 00:00:00,62.84490382,9.1631529
08/09/2026 13:03:07,Metodología GEIH Empalme DANE 2022,Siete áreas metropolitanas,2017-03-31 00:00:00,60.27006543,11.8956111
08/09/2026 13:03:07,Metodología GEIH Empalme DANE 2022,Siete áreas metropolitanas,2017-06-30 00:00:00,61.10355908,10.77351188
08/09/2026 13:03:07,Metodología GEIH Empalme DANE 2022,Siete áreas metropolitanas,2017-09-30 00:00:00,60.68224429,10.94394219
08/09/2026 13:03:07,Metodología GEIH Empalme DANE 2022,Siete áreas metropolitanas,2017-12-31 00:00:00,60.99131536,9.835365885
08/09/2026 13:03:07,Metodología GEIH Empalme DANE 2022,Siete áreas metropolitanas,2018-03-31 00:00:00,58.78492012,12.27961674
08/09/2026 13:03:07,Metodología GEIH Empalme DANE 2022,Siete áreas metropolitanas,2018-06-30 00:00:00,60.11688008,11.10311678
08/09/2026 13:03:07,Metodología GEIH Empalme DANE 2022,Siete áreas metropolitanas,2018-09-30 00:00:00,60.57291054,10.35917053
08/09/2026 13:03:07,Metodología GEIH Empalme DANE 2022,Siete áreas metropolitanas,2018-12-31 00:00:00,59.84548007,10.34231327
08/09/2026 13:03:07,Metodología GEIH Empalme DANE 2022,Siete áreas metropolitanas,2019-03-31 00:00:00,58.056625,13.09197137
08/09/2026 13:03:07,Metodología GEIH Empalme DANE 2022,Siete áreas metropolitanas,2019-06-30 00:00:00,59.16794023,11.30564397
08/09/2026 13:03:07,Metodología GEIH Empalme DANE 2022,Siete áreas metropolitanas,2019-09-30 00:00:00,59.30704043,10.91574384
08/09/2026 13:03:07,Metodología GEIH Empalme DANE 2022,Siete áreas metropolitanas,2019-12-31 00:00:00,59.79487357,10.57928981
08/09/2026 13:03:07,Metodología GEIH Empalme DANE 2022,Siete áreas metropolitanas,2020-03-31 00:00:00,56.36728869,12.81043455
08/09/2026 13:03:07,Metodología GEIH Empalme DANE 2022,Siete áreas metropolitanas,2020-06-30 00:00:00,44.66669521,24.64387154
08/09/2026 13:03:07,Metodología GEIH Empalme DANE 2022,Siete áreas metropolitanas,2020-09-30 00:00:00,49.47461248,21.49794939
08/09/2026 13:03:07,Metodología GEIH Empalme DANE 2022,Siete áreas metropolitanas,2020-12-31 00:00:00,54.24413638,16.50923582
08/09/2026 13:03:07,Metodología GEIH Empalme DANE 2022,Siete áreas metropolitanas,2021-03-31 00:00:00,52.64922421,18.2883134
08/09/2026 13:03:07,Metodología GEIH Empalme DANE 2022,Siete áreas metropolitanas,2021-06-30 00:00:00,53.13346333,16.81415875
08/09/2026 13:03:07,Metodología GEIH Empalme DANE 2022,Siete áreas metropolitanas,2021-09-30 00:00:00,54.51653527,13.99045173
08/09/2026 13:03:07,Metodología GEIH Empalme DANE 2022,Siete áreas metropolitanas,2021-12-31 00:00:00,55.4799475,12.24768439
08/09/2026 13:03:07,Metodología GEIH Empalme DANE 2022,Siete áreas metropolitanas,2022-03-31 00:00:00,57.09706957,13.40986601
08/09/2026 13:03:07,Metodología GEIH Empalme DANE 2022,Siete áreas metropolitanas,2022-06-30 00:00:00,58.69238653,10.97253982
08/09/2026 13:03:07,Metodología GEIH Empalme DANE 2022,Siete áreas metropolitanas,2022-09-30 00:00:00,59.19650489,10.64150107
08/09/2026 13:03:07,Metodología GEIH Empalme DANE 2022,Siete áreas metropolitanas,2022-12-31 00:00:00,60.111972651685,9.58370136731987
08/09/2026 13:03:07,Metodología GEIH Empalme DANE 2022,Siete áreas metropolitanas,2023-03-31 00:00:00,58.5899917359356,11.92940759764
08/09/2026 13:03:07,Metodología GEIH Empalme DANE 2022,Siete áreas metropolitanas,2023-06-30 00:00:00,60.1485593741822,10.05785586119
08/09/2026 13:03:07,Metodología GEIH Empalme DANE 2022,Siete áreas metropolitanas,2023-09-30 00:00:00,61.3953999581052,9.42529675055131
08/09/2026 13:03:07,Metodología GEIH Empalme DANE 2022,Siete áreas metropolitanas,2023-12-31 00:00:00,61.6405416698278,8.89714639067662
08/09/2026 13:03:07,Metodología GEIH Empalme DANE 2022,Siete áreas metropolitanas,2024-03-31 00:00:00,59.8956729215056,11.1471816548654
08/09/2026 13:03:07,Metodología GEIH Empalme DANE 2022,Siete áreas metropolitanas,2024-06-30 00:00:00,61.1372309400371,9.93292476772702
08/09/2026 13:03:07,Metodología GEIH Empalme DANE 2022,Siete áreas metropolitanas,2024-09-30 00:00:00,61.347678131946,9.42480460142927
08/09/2026 13:03:07,Metodología GEIH Empalme DANE 2022,Siete áreas metropolitanas,2024-12-31 00:00:00,61.7701327741306,8.55127578339182
08/09/2026 13:03:07,Metodología GEIH Empalme DANE 2022,Siete áreas metropolitanas,2025-03-31 00:00:00,61.0594157812072,9.72760019371186
08/09/2026 13:03:07,Metodología GEIH Empalme DANE 2022,Siete áreas metropolitanas,2025-06-30 00:00:00,61.3215554433154,8.40275370481403
08/09/2026 13:03:07,Metodología GEIH Empalme DANE 2022,Siete áreas metropolitanas,2025-09-30 00:00:00,62.2175875205982,7.88018314671834
08/09/2026 13:03:07,Metodología GEIH Empalme DANE 2022,Siete áreas metropolitanas,2025-12-31 00:00:00,63.233083539833,7.20296946061596
08/09/2026 13:03:07,Metodología GEIH Empalme DANE 2022,Siete áreas metropolitanas,2026-03-31 00:00:00,60.7325659245837,9.4008761746239
08/09/2026 13:03:07,Metodología GEIH Empalme DANE 2022,Siete áreas metropolitanas,2026-06-30 00:00:00,61.7333971464241,8.04704755049633
08/09/2026 13:03:07,Metodología GEIH Empalme DANE 2022,Total nacional,2001-01-31 00:00:00,57.5752,16.6223
08/09/2026 13:03:07,Metodología GEIH Empalme DANE 2022,Total nacional,2001-02-28 00:00:00,56.9282,17.4342
08/09/2026 13:03:07,Metodología GEIH Empalme DANE 2022,Total nacional,2001-03-31 00:00:00,57.5745,15.8119
08/09/2026 13:03:07,Metodología GEIH Empalme DANE 2022,Total nacional,2001-04-30 00:00:00,55.7567,14.5151
08/09/2026 13:03:07,Metodología GEIH Empalme DANE 2022,Total nacional,2001-05-31 00:00:00,56.2258,14.0358
08/09/2026 13:03:07,Metodología GEIH Empalme DANE 2022,Total nacional,2001-06-30 00:00:00,56.1763,15.3123
08/09/2026 13:03:07,Metodología GEIH Empalme DANE 2022,Total nacional,2001-07-31 00:00:00,56.609,15.1838
08/09/2026 13:03:07,Metodología GEIH Empalme DANE 2022,Total nacional,2001-08-31 00:00:00,57.3809,14.9135
08/09/2026 13:03:07,Metodología GEIH Empalme DANE 2022,Total nacional,2001-09-30 00:00:00,58.6939,14.0741
08/09/2026 13:03:07,Metodología GEIH Empalme DANE 2022,Total nacional,2001-10-31 00:00:00,58.5609,14.5249
08/09/2026 13:03:07,Metodología GEIH Empalme DANE 2022,Total nacional,2001-11-30 00:00:00,60.1498,13.6822
08/09/2026 13:03:07,Metodología GEIH Empalme DANE 2022,Total nacional,2001-12-31 00:00:00,59.4446,13.6084
08/09/2026 13:03:07,Metodología GEIH Empalme DANE 2022,Total nacional,2002-01-31 00:00:00,56.1189,17.9099
08/09/2026 13:03:07,Metodología GEIH Empalme DANE 2022,Total nacional,2002-02-28 00:00:00,57.1688,16.1888
08/09/2026 13:03:07,Metodología GEIH Empalme DANE 2022,Total nacional,2002-03-31 00:00:00,57.0061,15.1114
08/09/2026 13:03:07,Metodología GEIH Empalme DANE 2022,Total nacional,2002-04-30 00:00:00,57.8068,16.077
08/09/2026 13:03:07,Metodología GEIH Empalme DANE 2022,Total nacional,2002-05-31 00:00:00,56.6801,15.0221
08/09/2026 13:03:07,Metodología GEIH Empalme DANE 2022,Total nacional,2002-06-30 00:00:00,55.9741,15.911
08/09/2026 13:03:07,Metodología GEIH Empalme DANE 2022,Total nacional,2002-07-31 00:00:00,57.0162,15.4261
08/09/2026 13:03:07,Metodología GEIH Empalme DANE 2022,Total nacional,2002-08-31 00:00:00,55.9325,15.9527
08/09/2026 13:03:07,Metodología GEIH Empalme DANE 2022,Total nacional,2002-09-30 00:00:00,57.0232,14.4655
08/09/2026 13:03:07,Metodología GEIH Empalme DANE 2022,Total nacional,2002-10-31 00:00:00,58.341,14.9726
08/09/2026 13:03:07,Metodología GEIH Empalme DANE 2022,Total nacional,2002-11-30 00:00:00,58.0197,15.1893
08/09/2026 13:03:07,Metodología GEIH Empalme DANE 2022,Total nacional,2002-12-31 00:00:00,56.6654,15.4225
08/09/2026 13:03:07,Metodología GEIH Empalme DANE 2022,Total nacional,2003-01-31 00:00:00,56.4338,16.2715
08/09/2026 13:03:07,Metodología GEIH Empalme DANE 2022,Total nacional,2003-02-28 00:00:00,57.0808,15.8384
08/09/2026 13:03:07,Metodología GEIH Empalme DANE 2022,Total nacional,2003-03-31 00:00:00,59.021,13.1057
08/09/2026 13:03:07,Metodología GEIH Empalme DANE 2022,Total nacional,2003-04-30 00:00:00,57.4155,15.0059
08/09/2026 13:03:07,Metodología GEIH Empalme DANE 2022,Total nacional,2003-05-31 00:00:00,59.5381,12.8161
08/09/2026 13:03:07,Metodología GEIH Empalme DANE 2022,Total nacional,2003-06-30 00:00:00,57.0927,14.1051
08/09/2026 13:03:07,Metodología GEIH Empalme DANE 2022,Total nacional,2003-07-31 00:00:00,57.7683,14.5143
08/09/2026 13:03:07,Metodología GEIH Empalme DANE 2022,Total nacional,2003-08-31 00:00:00,58.792,14.3781
08/09/2026 13:03:07,Metodología GEIH Empalme DANE 2022,Total nacional,2003-09-30 00:00:00,59.0476,14.2348
08/09/2026 13:03:07,Metodología GEIH Empalme DANE 2022,Total nacional,2003-10-31 00:00:00,60.2931,13.5222
08/09/2026 13:03:07,Metodología GEIH Empalme DANE 2022,Total nacional,2003-11-30 00:00:00,60.3953,12.6352
08/09/2026 13:03:07,Metodología GEIH Empalme DANE 2022,Total nacional,2003-12-31 00:00:00,59.8435,12.5583
08/09/2026 13:03:07,Metodología GEIH Empalme DANE 2022,Total nacional,2004-01-31 00:00:00,56.3696,17.2564
08/09/2026 13:03:07,Metodología GEIH Empalme DANE 2022,Total nacional,2004-02-29 00:00:00,56.7971,15.7534
08/09/2026 13:03:07,Metodología GEIH Empalme DANE 2022,Total nacional,2004-03-31 00:00:00,58.4026,13.5227
08/09/2026 13:03:07,Metodología GEIH Empalme DANE 2022,Total nacional,2004-04-30 00:00:00,57.1602,14.681
08/09/2026 13:03:07,Metodología GEIH Empalme DANE 2022,Total nacional,2004-05-31 00:00:00,57.737,13.833
08/09/2026 13:03:07,Metodología GEIH Empalme DANE 2022,Total nacional,2004-06-30 00:00:00,56.4149,14.0736
08/09/2026 13:03:07,Metodología GEIH Empalme DANE 2022,Total nacional,2004-07-31 00:00:00,58.1019,12.9087
08/09/2026 13:03:07,Metodología GEIH Empalme DANE 2022,Total nacional,2004-08-31 00:00:00,57.5243,13.0569
08/09/2026 13:03:07,Metodología GEIH Empalme DANE 2022,Total nacional,2004-09-30 00:00:00,57.9374,12.2851
08/09/2026 13:03:07,Metodología GEIH Empalme DANE 2022,Total nacional,2004-10-31 00:00:00,58.6049,12.2856
08/09/2026 13:03:07,Metodología GEIH Empalme DANE 2022,Total nacional,2004-11-30 00:00:00,59.3295,11.8368
08/09/2026 13:03:07,Metodología GEIH Empalme DANE 2022,Total nacional,2004-12-31 00:00:00,58.0556,11.9539
08/09/2026 13:03:07,Metodología GEIH Empalme DANE 2022,Total nacional,2005-01-31 00:00:00,56.9725,13.2626
08/09/2026 13:03:07,Metodología GEIH Empalme DANE 2022,Total nacional,2005-02-28 00:00:00,56.7561,14.0969
08/09/2026 13:03:07,Metodología GEIH Empalme DANE 2022,Total nacional,2005-03-31 00:00:00,57.1899,12.9543
08/09/2026 13:03:07,Metodología GEIH Empalme DANE 2022,Total nacional,2005-04-30 00:00:00,57.7268,12.0205
08/09/2026 13:03:07,Metodología GEIH Empalme DANE 2022,Total nacional,2005-05-31 00:00:00,57.7425,12.4907
08/09/2026 13:03:07,Metodología GEIH Empalme DANE 2022,Total nacional,2005-06-30 00:00:00,57.422,11.5427
08/09/2026 13:03:07,Metodología GEIH Empalme DANE 2022,Total nacional,2005-07-31 00:00:00,58.5151,12.0484
08/09/2026 13:03:07,Metodología GEIH Empalme DANE 2022,Total nacional,2005-08-31 00:00:00,57.7069,11.7188
08/09/2026 13:03:07,Metodología GEIH Empalme DANE 2022,Total nacional,2005-09-30 00:00:00,58.2895,11.3333
08/09/2026 13:03:07,Metodología GEIH Empalme DANE 2022,Total nacional,2005-10-31 00:00:00,60.3214,9.8985
08/09/2026 13:03:07,Metodología GEIH Empalme DANE 2022,Total nacional,2005-11-30 00:00:00,59.4015,10.2813
08/09/2026 13:03:07,Metodología GEIH Empalme DANE 2022,Total nacional,2005-12-31 00:00:00,59.8143,10.2722
08/09/2026 13:03:07,Metodología GEIH Empalme DANE 2022,Total nacional,2006-01-31 00:00:00,56.8327,13.3696
08/09/2026 13:03:07,Metodología GEIH Empalme DANE 2022,Total nacional,2006-02-28 00:00:00,57.1797,13.0792
08/09/2026 13:03:07,Metodología GEIH Empalme DANE 2022,Total nacional,2006-03-31 00:00:00,58.6454,11.3671
08/09/2026 13:03:07,Metodología GEIH Empalme DANE 2022,Total nacional,2006-04-30 00:00:00,56.7547,12.0643
08/09/2026 13:03:07,Metodología GEIH Empalme DANE 2022,Total nacional,2006-05-31 00:00:00,57.2503,11.8688
08/09/2026 13:03:07,Metodología GEIH Empalme DANE 2022,Total nacional,2006-06-30 00:00:00,59.2698,10.4773
08/09/2026 13:03:07,Metodología GEIH Empalme DANE 2022,Total nacional,2006-07-31 00:00:00,57.753,12.2993
08/09/2026 13:03:07,Metodología GEIH Empalme DANE 2022,Total nacional,2006-08-31 00:00:00,55.572161184,13.043927969
08/09/2026 13:03:07,Metodología GEIH Empalme DANE 2022,Total nacional,2006-09-30 00:00:00,54.73959,12.914994537
08/09/2026 13:03:07,Metodología GEIH Empalme DANE 2022,Total nacional,2006-10-31 00:00:00,55.688258818,11.355034134
08/09/2026 13:03:07,Metodología GEIH Empalme DANE 2022,Total nacional,2006-11-30 00:00:00,55.903691656,10.996331575
08/09/2026 13:03:07,Metodología GEIH Empalme DANE 2022,Total nacional,2006-12-31 00:00:00,55.137502307,11.84025816
08/09/2026 13:03:07,Metodología GEIH Empalme DANE 2022,Total nacional,2007-01-31 00:00:00,53.246984719,14.279167506
08/09/2026 13:03:07,Metodología GEIH Empalme DANE 2022,Total nacional,2007-02-28 00:00:00,55.723672588,12.856190578
08/09/2026 13:03:07,Metodología GEIH Empalme DANE 2022,Total nacional,2007-03-31 00:00:00,55.101661144,12.033288492
08/09/2026 13:03:07,Metodología GEIH Empalme DANE 2022,Total nacional,2007-04-30 00:00:00,57.422098704,10.807868043
08/09/2026 13:03:07,Metodología GEIH Empalme DANE 2022,Total nacional,2007-05-31 00:00:00,55.988386826,11.701719416
08/09/2026 13:03:07,Metodología GEIH Empalme DANE 2022,Total nacional,2007-06-30 00:00:00,56.236208508,11.1987178
08/09/2026 13:03:07,Metodología GEIH Empalme DANE 2022,Total nacional,2007-07-31 00:00:00,56.120751928,11.354062786
08/09/2026 13:03:07,Metodología GEIH Empalme DANE 2022,Total nacional,2007-08-31 00:00:00,56.155898407,10.861778335
08/09/2026 13:03:07,Metodología GEIH Empalme DANE 2022,Total nacional,2007-09-30 00:00:00,56.76262277,10.870898873
08/09/2026 13:03:07,Metodología GEIH Empalme DANE 2022,Total nacional,2007-10-31 00:00:00,59.42015751,10.211931533
08/09/2026 13:03:07,Metodología GEIH Empalme DANE 2022,Total nacional,2007-11-30 00:00:00,58.616699927,9.488429979
08/09/2026 13:03:07,Metodología GEIH Empalme DANE 2022,Total nacional,2007-12-31 00:00:00,56.877418213,9.923435534
08/09/2026 13:03:07,Metodología GEIH Empalme DANE 2022,Total nacional,2008-01-31 00:00:00,54.651942368,13.297503736
08/09/2026 13:03:07,Metodología GEIH Empalme DANE 2022,Total nacional,2008-02-29 00:00:00,56.666326308,12.194552516
08/09/2026 13:03:07,Metodología GEIH Empalme DANE 2022,Total nacional,2008-03-31 00:00:00,57.390846436,11.338130339
08/09/2026 13:03:07,Metodología GEIH Empalme DANE 2022,Total nacional,2008-04-30 00:00:00,57.92202104,11.078985477
08/09/2026 13:03:07,Metodología GEIH Empalme DANE 2022,Total nacional,2008-05-31 00:00:00,57.526129,10.81206561
08/09/2026 13:03:07,Metodología GEIH Empalme DANE 2022,Total nacional,2008-06-30 00:00:00,55.33244494,11.413714559
08/09/2026 13:03:07,Metodología GEIH Empalme DANE 2022,Total nacional,2008-07-31 00:00:00,56.263841174,12.210172762
08/09/2026 13:03:07,Metodología GEIH Empalme DANE 2022,Total nacional,2008-08-31 00:00:00,56.172420302,11.426192646
08/09/2026 13:03:07,Metodología GEIH Empalme DANE 2022,Total nacional,2008-09-30 00:00:00,56.843703634,11.04675687
08/09/2026 13:03:07,Metodología GEIH Empalme DANE 2022,Total nacional,2008-10-31 00:00:00,57.079511255,10.181542469
08/09/2026 13:03:07,Metodología GEIH Empalme DANE 2022,Total nacional,2008-11-30 00:00:00,55.659797018,10.911502881
08/09/2026 13:03:07,Metodología GEIH Empalme DANE 2022,Total nacional,2008-12-31 00:00:00,57.037637565,10.773058146
08/09/2026 13:03:07,Metodología GEIH Empalme DANE 2022,Total nacional,2009-01-31 00:00:00,54.662240283,14.472402367
08/09/2026 13:03:07,Metodología GEIH Empalme DANE 2022,Total nacional,2009-02-28 00:00:00,56.826481779,12.770944269
08/09/2026 13:03:07,Metodología GEIH Empalme DANE 2022,Total nacional,2009-03-31 00:00:00,57.884012727,12.185904059
08/09/2026 13:03:07,Metodología GEIH Empalme DANE 2022,Total nacional,2009-04-30 00:00:00,58.96102204,12.118620636
08/09/2026 13:03:07,Metodología GEIH Empalme DANE 2022,Total nacional,2009-05-31 00:00:00,59.209336848,11.757818225
08/09/2026 13:03:07,Metodología GEIH Empalme DANE 2022,Total nacional,2009-06-30 00:00:00,58.924591676,11.597022262
08/09/2026 13:03:07,Metodología GEIH Empalme DANE 2022,Total nacional,2009-07-31 00:00:00,58.602495973,12.842613611
08/09/2026 13:03:07,Metodología GEIH Empalme DANE 2022,Total nacional,2009-08-31 00:00:00,57.716811006,11.936144755
08/09/2026 13:03:07,Metodología GEIH Empalme DANE 2022,Total nacional,2009-09-30 00:00:00,57.889225579,12.440278277
08/09/2026 13:03:07,Metodología GEIH Empalme DANE 2022,Total nacional,2009-10-31 00:00:00,60.820285921,11.756455161
08/09/2026 13:03:07,Metodología GEIH Empalme DANE 2022,Total nacional,2009-11-30 00:00:00,60.335782346,11.38713474
08/09/2026 13:03:07,Metodología GEIH Empalme DANE 2022,Total nacional,2009-12-31 00:00:00,60.015965767,11.312152738
08/09/2026 13:03:07,Metodología GEIH Empalme DANE 2022,Total nacional,2010-01-31 00:00:00,57.2541,14.8787
08/09/2026 13:03:07,Metodología GEIH Empalme DANE 2022,Total nacional,2010-02-28 00:00:00,58.9631,12.6947
08/09/2026 13:03:07,Metodología GEIH Empalme DANE 2022,Total nacional,2010-03-31 00:00:00,58.5671,11.959
08/09/2026 13:03:07,Metodología GEIH Empalme DANE 2022,Total nacional,2010-04-30 00:00:00,59.8141,12.4399
08/09/2026 13:03:07,Metodología GEIH Empalme DANE 2022,Total nacional,2010-05-31 00:00:00,59.0336,12.2634
08/09/2026 13:03:07,Metodología GEIH Empalme DANE 2022,Total nacional,2010-06-30 00:00:00,59.5542,11.9801
08/09/2026 13:03:07,Metodología GEIH Empalme DANE 2022,Total nacional,2010-07-31 00:00:00,58.9012,12.8583
08/09/2026 13:03:07,Metodología GEIH Empalme DANE 2022,Total nacional,2010-08-31 00:00:00,59.589,11.3779
08/09/2026 13:03:07,Metodología GEIH Empalme DANE 2022,Total nacional,2010-09-30 00:00:00,60.8169,10.8675
08/09/2026 13:03:07,Metodología GEIH Empalme DANE 2022,Total nacional,2010-10-31 00:00:00,61.5427,10.4525
08/09/2026 13:03:07,Metodología GEIH Empalme DANE 2022,Total nacional,2010-11-30 00:00:00,61.0052,10.9341
08/09/2026 13:03:07,Metodología GEIH Empalme DANE 2022,Total nacional,2010-12-31 00:00:00,60.077,11.2264
08/09/2026 13:03:07,Metodología GEIH Empalme DANE 2022,Total nacional,2011-01-31 00:00:00,58.3759,13.8965
08/09/2026 13:03:07,Metodología GEIH Empalme DANE 2022,Total nacional,2011-02-28 00:00:00,58.4015,13.1393
08/09/2026 13:03:07,Metodología GEIH Empalme DANE 2022,Total nacional,2011-03-31 00:00:00,59.9716,10.9483
08/09/2026 13:03:07,Metodología GEIH Empalme DANE 2022,Total nacional,2011-04-30 00:00:00,59.7957,11.2743
08/09/2026 13:03:07,Metodología GEIH Empalme DANE 2022,Total nacional,2011-05-31 00:00:00,60.2354,11.5536
08/09/2026 13:03:07,Metodología GEIH Empalme DANE 2022,Total nacional,2011-06-30 00:00:00,60.0831,11.036
08/09/2026 13:03:07,Metodología GEIH Empalme DANE 2022,Total nacional,2011-07-31 00:00:00,59.9101,11.704
08/09/2026 13:03:07,Metodología GEIH Empalme DANE 2022,Total nacional,2011-08-31 00:00:00,59.961,10.4157
08/09/2026 13:03:07,Metodología GEIH Empalme DANE 2022,Total nacional,2011-09-30 00:00:00,61.4521,9.9279
08/09/2026 13:03:07,Metodología GEIH Empalme DANE 2022,Total nacional,2011-10-31 00:00:00,64.008,9.3596
08/09/2026 13:03:07,Metodología GEIH Empalme DANE 2022,Total nacional,2011-11-30 00:00:00,62.9263,9.4935
08/09/2026 13:03:07,Metodología GEIH Empalme DANE 2022,Total nacional,2011-12-31 00:00:00,61.6245,10.0677
08/09/2026 13:03:07,Metodología GEIH Empalme DANE 2022,Total nacional,2012-01-31 00:00:00,59.6727,12.7911
08/09/2026 13:03:07,Metodología GEIH Empalme DANE 2022,Total nacional,2012-02-29 00:00:00,60.5054,12.075
08/09/2026 13:03:07,Metodología GEIH Empalme DANE 2022,Total nacional,2012-03-31 00:00:00,61.5487,10.5024
08/09/2026 13:03:07,Metodología GEIH Empalme DANE 2022,Total nacional,2012-04-30 00:00:00,61.1934,11.087
08/09/2026 13:03:07,Metodología GEIH Empalme DANE 2022,Total nacional,2012-05-31 00:00:00,61.5247,10.995
08/09/2026 13:03:07,Metodología GEIH Empalme DANE 2022,Total nacional,2012-06-30 00:00:00,62.362,10.2437
08/09/2026 13:03:07,Metodología GEIH Empalme DANE 2022,Total nacional,2012-07-31 00:00:00,60.5308,11.1558
08/09/2026 13:03:07,Metodología GEIH Empalme DANE 2022,Total nacional,2012-08-31 00:00:00,61.574,9.9893
08/09/2026 13:03:07,Metodología GEIH Empalme DANE 2022,Total nacional,2012-09-30 00:00:00,60.7377,10.1444
08/09/2026 13:03:07,Metodología GEIH Empalme DANE 2022,Total nacional,2012-10-31 00:00:00,62.7321,9.1692
08/09/2026 13:03:07,Metodología GEIH Empalme DANE 2022,Total nacional,2012-11-30 00:00:00,61.6143,9.4619
08/09/2026 13:03:07,Metodología GEIH Empalme DANE 2022,Total nacional,2012-12-31 00:00:00,61.5007,9.9404
08/09/2026 13:03:07,Metodología GEIH Empalme DANE 2022,Total nacional,2013-01-31 00:00:00,59.3918,12.3415
08/09/2026 13:03:07,Metodología GEIH Empalme DANE 2022,Total nacional,2013-02-28 00:00:00,59.3826,12.0105
08/09/2026 13:03:07,Metodología GEIH Empalme DANE 2022,Total nacional,2013-03-31 00:00:00,59.7776,10.3838
08/09/2026 13:03:07,Metodología GEIH Empalme DANE 2022,Total nacional,2013-04-30 00:00:00,60.44,10.4518
08/09/2026 13:03:07,Metodología GEIH Empalme DANE 2022,Total nacional,2013-05-31 00:00:00,61.7698,9.8204
08/09/2026 13:03:07,Metodología GEIH Empalme DANE 2022,Total nacional,2013-06-30 00:00:00,61.0584,9.5105
08/09/2026 13:03:07,Metodología GEIH Empalme DANE 2022,Total nacional,2013-07-31 00:00:00,61.0544,10.1626
08/09/2026 13:03:07,Metodología GEIH Empalme DANE 2022,Total nacional,2013-08-31 00:00:00,61.4329,9.6613
08/09/2026 13:03:07,Metodología GEIH Empalme DANE 2022,Total nacional,2013-09-30 00:00:00,61.2933,9.1692
08/09/2026 13:03:07,Metodología GEIH Empalme DANE 2022,Total nacional,2013-10-31 00:00:00,63.4523,8.13
08/09/2026 13:03:07,Metodología GEIH Empalme DANE 2022,Total nacional,2013-11-30 00:00:00,61.7976,8.6268
08/09/2026 13:03:07,Metodología GEIH Empalme DANE 2022,Total nacional,2013-12-31 00:00:00,61.7392,8.6473
08/09/2026 13:03:07,Metodología GEIH Empalme DANE 2022,Total nacional,2014-01-31 00:00:00,59.3279,11.5324
08/09/2026 13:03:07,Metodología GEIH Empalme DANE 2022,Total nacional,2014-02-28 00:00:00,59.373,11.0878
08/09/2026 13:03:07,Metodología GEIH Empalme DANE 2022,Total nacional,2014-03-31 00:00:00,60.0405,9.8445
08/09/2026 13:03:07,Metodología GEIH Empalme DANE 2022,Total nacional,2014-04-30 00:00:00,61.2055,9.3084
08/09/2026 13:03:07,Metodología GEIH Empalme DANE 2022,Total nacional,2014-05-31 00:00:00,61.2494,9.0674
08/09/2026 13:03:07,Metodología GEIH Empalme DANE 2022,Total nacional,2014-06-30 00:00:00,61.2915,9.4019
08/09/2026 13:03:07,Metodología GEIH Empalme DANE 2022,Total nacional,2014-07-31 00:00:00,60.3572,9.6865
08/09/2026 13:03:07,Metodología GEIH Empalme DANE 2022,Total nacional,2014-08-31 00:00:00,61.4936,9.16
08/09/2026 13:03:07,Metodología GEIH Empalme DANE 2022,Total nacional,2014-09-30 00:00:00,61.7269,8.6057
08/09/2026 13:03:07,Metodología GEIH Empalme DANE 2022,Total nacional,2014-10-31 00:00:00,63.6146,8.0953
08/09/2026 13:03:07,Metodología GEIH Empalme DANE 2022,Total nacional,2014-11-30 00:00:00,62.5474,8.0622
08/09/2026 13:03:07,Metodología GEIH Empalme DANE 2022,Total nacional,2014-12-31 00:00:00,60.88,9.0375
08/09/2026 13:03:07,Metodología GEIH Empalme DANE 2022,Total nacional,2015-01-31 00:00:00,59.1653,11.1517
08/09/2026 13:03:07,Metodología GEIH Empalme DANE 2022,Total nacional,2015-02-28 00:00:00,59.96,10.2276
08/09/2026 13:03:07,Metodología GEIH Empalme DANE 2022,Total nacional,2015-03-31 00:00:00,60.7317,9.1228
08/09/2026 13:03:07,Metodología GEIH Empalme DANE 2022,Total nacional,2015-04-30 00:00:00,61.4334,9.7373
08/09/2026 13:03:07,Metodología GEIH Empalme DANE 2022,Total nacional,2015-05-31 00:00:00,61.3508,9.2216
08/09/2026 13:03:07,Metodología GEIH Empalme DANE 2022,Total nacional,2015-06-30 00:00:00,61.5891,8.4987
08/09/2026 13:03:07,Metodología GEIH Empalme DANE 2022,Total nacional,2015-07-31 00:00:00,60.8262,9.2237
08/09/2026 13:03:07,Metodología GEIH Empalme DANE 2022,Total nacional,2015-08-31 00:00:00,61.1861,9.3036
08/09/2026 13:03:07,Metodología GEIH Empalme DANE 2022,Total nacional,2015-09-30 00:00:00,61.2726,9.0682
08/09/2026 13:03:07,Metodología GEIH Empalme DANE 2022,Total nacional,2015-10-31 00:00:00,63.2875,8.4385
08/09/2026 13:03:07,Metodología GEIH Empalme DANE 2022,Total nacional,2015-11-30 00:00:00,62.9338,7.5631
08/09/2026 13:03:07,Metodología GEIH Empalme DANE 2022,Total nacional,2015-12-31 00:00:00,61.5161,8.8227
08/09/2026 13:03:07,Metodología GEIH Empalme DANE 2022,Total nacional,2016-01-31 00:00:00,58.956,12.1784
08/09/2026 13:03:07,Metodología GEIH Empalme DANE 2022,Total nacional,2016-02-29 00:00:00,59.8879,10.3678
08/09/2026 13:03:07,Metodología GEIH Empalme DANE 2022,Total nacional,2016-03-31 00:00:00,59.1947,10.4646
08/09/2026 13:03:07,Metodología GEIH Empalme DANE 2022,Total nacional,2016-04-30 00:00:00,61.1884,9.3195
08/09/2026 13:03:07,Metodología GEIH Empalme DANE 2022,Total nacional,2016-05-31 00:00:00,60.2331,9.2374
08/09/2026 13:03:07,Metodología GEIH Empalme DANE 2022,Total nacional,2016-06-30 00:00:00,61.0896,9.19
08/09/2026 13:03:07,Metodología GEIH Empalme DANE 2022,Total nacional,2016-07-31 00:00:00,59.3483,10.2006
08/09/2026 13:03:07,Metodología GEIH Empalme DANE 2022,Total nacional,2016-08-31 00:00:00,60.5386,9.2326
08/09/2026 13:03:07,Metodología GEIH Empalme DANE 2022,Total nacional,2016-09-30 00:00:00,60.4751,8.8534
08/09/2026 13:03:07,Metodología GEIH Empalme DANE 2022,Total nacional,2016-10-31 00:00:00,62.2644,8.628
08/09/2026 13:03:07,Metodología GEIH Empalme DANE 2022,Total nacional,2016-11-30 00:00:00,61.979,7.7732
08/09/2026 13:03:07,Metodología GEIH Empalme DANE 2022,Total nacional,2016-12-31 00:00:00,60.7098,9.0971
08/09/2026 13:03:07,Metodología GEIH Empalme DANE 2022,Total nacional,2017-01-31 00:00:00,58.3015,11.9569
08/09/2026 13:03:07,Metodología GEIH Empalme DANE 2022,Total nacional,2017-02-28 00:00:00,59.1271,10.873
08/09/2026 13:03:07,Metodología GEIH Empalme DANE 2022,Total nacional,2017-03-31 00:00:00,59.2366,9.9046
08/09/2026 13:03:07,Metodología GEIH Empalme DANE 2022,Total nacional,2017-04-30 00:00:00,60.8732,9.1359
08/09/2026 13:03:07,Metodología GEIH Empalme DANE 2022,Total nacional,2017-05-31 00:00:00,59.8438,9.838
08/09/2026 13:03:07,Metodología GEIH Empalme DANE 2022,Total nacional,2017-06-30 00:00:00,61.3211,8.9773
08/09/2026 13:03:07,Metodología GEIH Empalme DANE 2022,Total nacional,2017-07-31 00:00:00,59.4325,9.9404
08/09/2026 13:03:07,Metodología GEIH Empalme DANE 2022,Total nacional,2017-08-31 00:00:00,60.1233,9.5168
08/09/2026 13:03:07,Metodología GEIH Empalme DANE 2022,Total nacional,2017-09-30 00:00:00,59.7017,9.5469
08/09/2026 13:03:07,Metodología GEIH Empalme DANE 2022,Total nacional,2017-10-31 00:00:00,61.3555,8.7399
08/09/2026 13:03:07,Metodología GEIH Empalme DANE 2022,Total nacional,2017-11-30 00:00:00,60.6148,8.7648
08/09/2026 13:03:07,Metodología GEIH Empalme DANE 2022,Total nacional,2017-12-31 00:00:00,60.2113,8.9122
08/09/2026 13:03:07,Metodología GEIH Empalme DANE 2022,Total nacional,2018-01-31 00:00:00,57.3864,12.1374
08/09/2026 13:03:07,Metodología GEIH Empalme DANE 2022,Total nacional,2018-02-28 00:00:00,57.8333,11.1882
08/09/2026 13:03:07,Metodología GEIH Empalme DANE 2022,Total nacional,2018-03-31 00:00:00,58.7333,9.7716
08/09/2026 13:03:07,Metodología GEIH Empalme DANE 2022,Total nacional,2018-04-30 00:00:00,59.8379,9.7292
08/09/2026 13:03:07,Metodología GEIH Empalme DANE 2022,Total nacional,2018-05-31 00:00:00,59.2541,9.9795
08/09/2026 13:03:07,Metodología GEIH Empalme DANE 2022,Total nacional,2018-06-30 00:00:00,59.8918,9.3085
08/09/2026 13:03:07,Metodología GEIH Empalme DANE 2022,Total nacional,2018-07-31 00:00:00,58.8793,10.0423
08/09/2026 13:03:07,Metodología GEIH Empalme DANE 2022,Total nacional,2018-08-31 00:00:00,59.5938,9.4292
08/09/2026 13:03:07,Metodología GEIH Empalme DANE 2022,Total nacional,2018-09-30 00:00:00,59.4706,9.6707
08/09/2026 13:03:07,Metodología GEIH Empalme DANE 2022,Total nacional,2018-10-31 00:00:00,60.0706,9.3615
08/09/2026 13:03:07,Metodología GEIH Empalme DANE 2022,Total nacional,2018-11-30 00:00:00,58.7952,8.9905
08/09/2026 13:03:07,Metodología GEIH Empalme DANE 2022,Total nacional,2018-12-31 00:00:00,59.779,9.9891
08/09/2026 13:03:07,Metodología GEIH Empalme DANE 2022,Total nacional,2019-01-31 00:00:00,56.4654,13.0752
08/09/2026 13:03:07,Metodología GEIH Empalme DANE 2022,Total nacional,2019-02-28 00:00:00,57.551,12.0926
08/09/2026 13:03:07,Metodología GEIH Empalme DANE 2022,Total nacional,2019-03-31 00:00:00,57.6751,11.1814
08/09/2026 13:03:07,Metodología GEIH Empalme DANE 2022,Total nacional,2019-04-30 00:00:00,57.3141,10.6566
08/09/2026 13:03:07,Metodología GEIH Empalme DANE 2022,Total nacional,2019-05-31 00:00:00,57.5788,10.9519
08/09/2026 13:03:07,Metodología GEIH Empalme DANE 2022,Total nacional,2019-06-30 00:00:00,58.7831,9.7229
08/09/2026 13:03:07,Metodología GEIH Empalme DANE 2022,Total nacional,2019-07-31 00:00:00,57.0848,11.2807
08/09/2026 13:03:07,Metodología GEIH Empalme DANE 2022,Total nacional,2019-08-31 00:00:00,56.8598,11.1973
08/09/2026 13:03:07,Metodología GEIH Empalme DANE 2022,Total nacional,2019-09-30 00:00:00,57.3598,10.8003
08/09/2026 13:03:07,Metodología GEIH Empalme DANE 2022,Total nacional,2019-10-31 00:00:00,58.8641,10.1236
08/09/2026 13:03:07,Metodología GEIH Empalme DANE 2022,Total nacional,2019-11-30 00:00:00,58.7449,9.6186
08/09/2026 13:03:07,Metodología GEIH Empalme DANE 2022,Total nacional,2019-12-31 00:00:00,58.1924,9.9497
08/09/2026 13:03:07,Metodología GEIH Empalme DANE 2022,Total nacional,2020-01-31 00:00:00,55.3277,13.4585
08/09/2026 13:03:07,Metodología GEIH Empalme DANE 2022,Total nacional,2020-02-29 00:00:00,56.0715,12.8131
08/09/2026 13:03:07,Metodología GEIH Empalme DANE 2022,Total nacional,2020-03-31 00:00:00,52.45,13.1828
08/09/2026 13:03:07,Metodología GEIH Empalme DANE 2022,Total nacional,2020-04-30 00:00:00,42.4971,20.4853
08/09/2026 13:03:07,Metodología GEIH Empalme DANE 2022,Total nacional,2020-05-31 00:00:00,44.2397,21.972
08/09/2026 13:03:07,Metodología GEIH Empalme DANE 2022,Total nacional,2020-06-30 00:00:00,46.8915,20.3591
08/09/2026 13:03:07,Metodología GEIH Empalme DANE 2022,Total nacional,2020-07-31 00:00:00,45.945,20.9147
08/09/2026 13:03:07,Metodología GEIH Empalme DANE 2022,Total nacional,2020-08-31 00:00:00,49.729,17.4427
08/09/2026 13:03:07,Metodología GEIH Empalme DANE 2022,Total nacional,2020-09-30 00:00:00,51.0728,16.2928
08/09/2026 13:03:07,Metodología GEIH Empalme DANE 2022,Total nacional,2020-10-31 00:00:00,53.6637,15.2814
08/09/2026 13:03:07,Metodología GEIH Empalme DANE 2022,Total nacional,2020-11-30 00:00:00,53.5533,13.9128
08/09/2026 13:03:07,Metodología GEIH Empalme DANE 2022,Total nacional,2020-12-31 00:00:00,53.7425,13.9142
08/09/2026 13:03:07,Metodología GEIH Empalme DANE 2022,Total nacional,2021-01-31 00:00:00,50.078841882,17.563265669
08/09/2026 13:03:07,Metodología GEIH Empalme DANE 2022,Total nacional,2021-02-28 00:00:00,52.771274505,15.585196369
08/09/2026 13:03:07,Metodología GEIH Empalme DANE 2022,Total nacional,2021-03-31 00:00:00,52.527336603,14.725529465
08/09/2026 13:03:07,Metodología GEIH Empalme DANE 2022,Total nacional,2021-04-30 00:00:00,51.571089344,15.488034242
08/09/2026 13:03:07,Metodología GEIH Empalme DANE 2022,Total nacional,2021-05-31 00:00:00,52.106214759,15.204204747
08/09/2026 13:03:07,Metodología GEIH Empalme DANE 2022,Total nacional,2021-06-30 00:00:00,52.253657359,14.646591578
08/09/2026 13:03:07,Metodología GEIH Empalme DANE 2022,Total nacional,2021-07-31 00:00:00,53.088076849,13.058523089
08/09/2026 13:03:07,Metodología GEIH Empalme DANE 2022,Total nacional,2021-08-31 00:00:00,53.43221711,12.861392996
08/09/2026 13:03:07,Metodología GEIH Empalme DANE 2022,Total nacional,2021-09-30 00:00:00,53.633540542,11.961303547
08/09/2026 13:03:07,Metodología GEIH Empalme DANE 2022,Total nacional,2021-10-31 00:00:00,54.612027577,11.995241041
08/09/2026 13:03:07,Metodología GEIH Empalme DANE 2022,Total nacional,2021-11-30 00:00:00,55.016586109,11.533057524
08/09/2026 13:03:07,Metodología GEIH Empalme DANE 2022,Total nacional,2021-12-31 00:00:00,55.541318136,11.096493065
08/09/2026 13:03:07,Metodología GEIH Empalme DANE 2022,Total nacional,2022-01-31 00:00:00,53.409042207,14.647251143
08/09/2026 13:03:07,Metodología GEIH Empalme DANE 2022,Total nacional,2022-02-28 00:00:00,55.884305474,12.905169722
08/09/2026 13:03:07,Metodología GEIH Empalme DANE 2022,Total nacional,2022-03-31 00:00:00,55.821385198,12.121232557
08/09/2026 13:03:07,Metodología GEIH Empalme DANE 2022,Total nacional,2022-04-30 00:00:00,56.468525276,11.168465857
08/09/2026 13:03:07,Metodología GEIH Empalme DANE 2022,Total nacional,2022-05-31 00:00:00,56.987311835,10.648261518
08/09/2026 13:03:07,Metodología GEIH Empalme DANE 2022,Total nacional,2022-06-30 00:00:00,56.502621487,11.261201224
08/09/2026 13:03:07,Metodología GEIH Empalme DANE 2022,Total nacional,2022-07-31 00:00:00,56.529092485,10.988923636
08/09/2026 13:03:07,Metodología GEIH Empalme DANE 2022,Total nacional,2022-08-31 00:00:00,56.729767921,10.63127651
08/09/2026 13:03:07,Metodología GEIH Empalme DANE 2022,Total nacional,2022-09-30 00:00:00,57.24866083,10.748438413
08/09/2026 13:03:07,Metodología GEIH Empalme DANE 2022,Total nacional,2022-10-31 00:00:00,57.736375458,9.721029957
08/09/2026 13:03:07,Metodología GEIH Empalme DANE 2022,Total nacional,2022-11-30 00:00:00,57.3629419,9.500757733
08/09/2026 13:03:07,Metodología GEIH Empalme DANE 2022,Total nacional,2022-12-31 00:00:00,57.251224047,10.272678774
08/09/2026 13:03:07,Metodología GEIH Empalme DANE 2022,Total nacional,2023-01-31 00:00:00,54.69777211,13.704360068
08/09/2026 13:03:07,Metodología GEIH Empalme DANE 2022,Total nacional,2023-02-28 00:00:00,56.516620827,11.353126106
08/09/2026 13:03:07,Metodología GEIH Empalme DANE 2022,Total nacional,2023-03-31 00:00:00,57.8801333,10.032543955
08/09/2026 13:03:07,Metodología GEIH Empalme DANE 2022,Total nacional,2023-04-30 00:00:00,57.679106217,10.724700483
08/09/2026 13:03:07,Metodología GEIH Empalme DANE 2022,Total nacional,2023-05-31 00:00:00,57.1687,10.4751
08/09/2026 13:03:07,Metodología GEIH Empalme DANE 2022,Total nacional,2023-06-30 00:00:00,58.324316891,9.342309621
08/09/2026 13:03:07,Metodología GEIH Empalme DANE 2022,Total nacional,2023-07-31 00:00:00,58.591552018,9.572850564
08/09/2026 13:03:07,Metodología GEIH Empalme DANE 2022,Total nacional,2023-08-31 00:00:00,58.465340321,9.277371999
08/09/2026 13:03:07,Metodología GEIH Empalme DANE 2022,Total nacional,2023-09-30 00:00:00,58.254994768,9.25267418
08/09/2026 13:03:07,Metodología GEIH Empalme DANE 2022,Total nacional,2023-10-31 00:00:00,58.122121622,9.230912384
08/09/2026 13:03:07,Metodología GEIH Empalme DANE 2022,Total nacional,2023-11-30 00:00:00,58.311300931,9.007386157
08/09/2026 13:03:07,Metodología GEIH Empalme DANE 2022,Total nacional,2023-12-31 00:00:00,57.4346329503106,10.0137173961816
08/09/2026 13:03:07,Metodología GEIH Empalme DANE 2022,Total nacional,2024-01-31 00:00:00,55.2568287713743,12.6616358267059
08/09/2026 13:03:07,Metodología GEIH Empalme DANE 2022,Total nacional,2024-02-29 00:00:00,56.3626881587079,11.6661447920677
08/09/2026 13:03:07,Metodología GEIH Empalme DANE 2022,Total nacional,2024-03-31 00:00:00,56.6783256628859,11.2857194994358
08/09/2026 13:03:07,Metodología GEIH Empalme DANE 2022,Total nacional,2024-04-30 00:00:00,57.1573538384964,10.646715730369
08/09/2026 13:03:07,Metodología GEIH Empalme DANE 2022,Total nacional,2024-05-31 00:00:00,57.5021897887705,10.3058708276143
08/09/2026 13:03:07,Metodología GEIH Empalme DANE 2022,Total nacional,2024-06-30 00:00:00,57.1609088195717,10.2685901714668
08/09/2026 13:03:07,Metodología GEIH Empalme DANE 2022,Total nacional,2024-07-31 00:00:00,57.8021195934881,9.91814462851166
08/09/2026 13:03:07,Metodología GEIH Empalme DANE 2022,Total nacional,2024-08-31 00:00:00,58.266060087378,9.66265784199371
08/09/2026 13:03:07,Metodología GEIH Empalme DANE 2022,Total nacional,2024-09-30 00:00:00,57.6878021543182,9.13447695177559
08/09/2026 13:03:07,Metodología GEIH Empalme DANE 2022,Total nacional,2024-10-31 00:00:00,58.0683994186871,9.13376015008587
08/09/2026 13:03:07,Metodología GEIH Empalme DANE 2022,Total nacional,2024-11-30 00:00:00,58.5266320833907,8.16876347936255
08/09/2026 13:03:07,Metodología GEIH Empalme DANE 2022,Total nacional,2024-12-31 00:00:00,58.4990244860389,9.12529538036365
08/09/2026 13:03:07,Metodología GEIH Empalme DANE 2022,Total nacional,2025-01-31 00:00:00,56.6553138628899,11.6360366428184
08/09/2026 13:03:07,Metodología GEIH Empalme DANE 2022,Total nacional,2025-02-28 00:00:00,57.9904419375662,10.3304634634628
08/09/2026 13:03:07,Metodología GEIH Empalme DANE 2022,Total nacional,2025-03-31 00:00:00,58.5048685379378,9.6163686629637
08/09/2026 13:03:07,Metodología GEIH Empalme DANE 2022,Total nacional,2025-04-30 00:00:00,58.1262658416623,8.78250593858903
08/09/2026 13:03:07,Metodología GEIH Empalme DANE 2022,Total nacional,2025-05-31 00:00:00,58.1861492527967,9.03641580932941
08/09/2026 13:03:07,Metodología GEIH Empalme DANE 2022,Total nacional,2025-06-30 00:00:00,58.4279379136393,8.55402008615587
08/09/2026 13:03:07,Metodología GEIH Empalme DANE 2022,Total nacional,2025-07-31 00:00:00,58.9019843642713,8.84181187419219
08/09/2026 13:03:07,Metodología GEIH Empalme DANE 2022,Total nacional,2025-08-31 00:00:00,58.4443556185452,8.5984509167777
08/09/2026 13:03:07,Metodología GEIH Empalme DANE 2022,Total nacional,2025-09-30 00:00:00,58.6611652023986,8.17348247373528
08/09/2026 13:03:07,Metodología GEIH Empalme DANE 2022,Total nacional,2025-10-31 00:00:00,59.680249573495,8.20367287500447
08/09/2026 13:03:07,Metodología GEIH Empalme DANE 2022,Total nacional,2025-11-30 00:00:00,60.1722431990209,7.02485766454843
08/09/2026 13:03:07,Metodología GEIH Empalme DANE 2022,Total nacional,2025-12-31 00:00:00,59.1898723242671,7.97710362563594
08/09/2026 13:03:07,Metodología GEIH Empalme DANE 2022,Total nacional,2026-01-31 00:00:00,56.6894072123065,10.8594528142021
08/09/2026 13:03:07,Metodología GEIH Empalme DANE 2022,Total nacional,2026-02-28 00:00:00,58.7382754174672,9.23495842518273
08/09/2026 13:03:07,Metodología GEIH Empalme DANE 2022,Total nacional,2026-03-31 00:00:00,59.3062115039677,8.7933861147572
08/09/2026 13:03:07,Metodología GEIH Empalme DANE 2022,Total nacional,2026-04-30 00:00:00,59.0559978811043,8.78145680204388
08/09/2026 13:03:07,Metodología GEIH Empalme DANE 2022,Total nacional,2026-05-31 00:00:00,59.7338326956903,8.02065112679121
08/09/2026 13:03:07,Metodología GEIH Empalme DANE 2022,Total nacional,2026-06-30 00:00:00,59.3622147621967,8.02692624470164
08/09/2026 13:03:07,Metodología GEIH Empalme DANE 2022,Total nacional,2026-07-31 00:00:00,59.5193105775764,8.10457762160988
08/09/2026 13:03:07,Metodología GEIH Empalme DANE 2022,Trece áreas metropolitanas,2001-01-31 00:00:00,55.5117,20.7176
08/09/2026 13:03:07,Metodología GEIH Empalme DANE 2022,Trece áreas metropolitanas,2001-02-28 00:00:00,56.5021,19.5518
08/09/2026 13:03:07,Metodología GEIH Empalme DANE 2022,Trece áreas metropolitanas,2001-03-31 00:00:00,55.9247,19.124
08/09/2026 13:03:07,Metodología GEIH Empalme DANE 2022,Trece áreas metropolitanas,2001-04-30 00:00:00,55.8244,17.5699
08/09/2026 13:03:07,Metodología GEIH Empalme DANE 2022,Trece áreas metropolitanas,2001-05-31 00:00:00,55.9647,17.7675
08/09/2026 13:03:07,Metodología GEIH Empalme DANE 2022,Trece áreas metropolitanas,2001-06-30 00:00:00,55.8632,18.6557
08/09/2026 13:03:07,Metodología GEIH Empalme DANE 2022,Trece áreas metropolitanas,2001-07-31 00:00:00,57.0778,17.2093
08/09/2026 13:03:07,Metodología GEIH Empalme DANE 2022,Trece áreas metropolitanas,2001-08-31 00:00:00,56.5433,17.7606
08/09/2026 13:03:07,Metodología GEIH Empalme DANE 2022,Trece áreas metropolitanas,2001-09-30 00:00:00,57.0349,17.6684
08/09/2026 13:03:07,Metodología GEIH Empalme DANE 2022,Trece áreas metropolitanas,2001-10-31 00:00:00,58.3106,16.7703
08/09/2026 13:03:07,Metodología GEIH Empalme DANE 2022,Trece áreas metropolitanas,2001-11-30 00:00:00,58.0702,16.3774
08/09/2026 13:03:07,Metodología GEIH Empalme DANE 2022,Trece áreas metropolitanas,2001-12-31 00:00:00,58.9812,16.4705
08/09/2026 13:03:07,Metodología GEIH Empalme DANE 2022,Trece áreas metropolitanas,2002-01-31 00:00:00,55.399,20.2633
08/09/2026 13:03:07,Metodología GEIH Empalme DANE 2022,Trece áreas metropolitanas,2002-02-28 00:00:00,56.0699,18.9691
08/09/2026 13:03:07,Metodología GEIH Empalme DANE 2022,Trece áreas metropolitanas,2002-03-31 00:00:00,56.1933,17.5589
08/09/2026 13:03:07,Metodología GEIH Empalme DANE 2022,Trece áreas metropolitanas,2002-04-30 00:00:00,57.52,18.0417
08/09/2026 13:03:07,Metodología GEIH Empalme DANE 2022,Trece áreas metropolitanas,2002-05-31 00:00:00,56.8057,17.2279
08/09/2026 13:03:07,Metodología GEIH Empalme DANE 2022,Trece áreas metropolitanas,2002-06-30 00:00:00,56.9358,17.5544
08/09/2026 13:03:07,Metodología GEIH Empalme DANE 2022,Trece áreas metropolitanas,2002-07-31 00:00:00,57.2303,18.1209
08/09/2026 13:03:07,Metodología GEIH Empalme DANE 2022,Trece áreas metropolitanas,2002-08-31 00:00:00,57.0965,18.1559
08/09/2026 13:03:07,Metodología GEIH Empalme DANE 2022,Trece áreas metropolitanas,2002-09-30 00:00:00,57.1148,17.3254
08/09/2026 13:03:07,Metodología GEIH Empalme DANE 2022,Trece áreas metropolitanas,2002-10-31 00:00:00,58.2664,16.0585
08/09/2026 13:03:07,Metodología GEIH Empalme DANE 2022,Trece áreas metropolitanas,2002-11-30 00:00:00,59.8664,15.2205
08/09/2026 13:03:07,Metodología GEIH Empalme DANE 2022,Trece áreas metropolitanas,2002-12-31 00:00:00,59.4704,15.5837
08/09/2026 13:03:07,Metodología GEIH Empalme DANE 2022,Trece áreas metropolitanas,2003-01-31 00:00:00,56.4619,18.178
08/09/2026 13:03:07,Metodología GEIH Empalme DANE 2022,Trece áreas metropolitanas,2003-02-28 00:00:00,56.8661,17.5943
08/09/2026 13:03:07,Metodología GEIH Empalme DANE 2022,Trece áreas metropolitanas,2003-03-31 00:00:00,56.6845,17.6039
08/09/2026 13:03:07,Metodología GEIH Empalme DANE 2022,Trece áreas metropolitanas,2003-04-30 00:00:00,56.4346,17.6891
08/09/2026 13:03:07,Metodología GEIH Empalme DANE 2022,Trece áreas metropolitanas,2003-05-31 00:00:00,58.076,16.3307
08/09/2026 13:03:07,Metodología GEIH Empalme DANE 2022,Trece áreas metropolitanas,2003-06-30 00:00:00,57.6601,16.5889
08/09/2026 13:03:07,Metodología GEIH Empalme DANE 2022,Trece áreas metropolitanas,2003-07-31 00:00:00,57.3627,17.6802
08/09/2026 13:03:07,Metodología GEIH Empalme DANE 2022,Trece áreas metropolitanas,2003-08-31 00:00:00,59.2206,16.5945
08/09/2026 13:03:07,Metodología GEIH Empalme DANE 2022,Trece áreas metropolitanas,2003-09-30 00:00:00,58.8644,16.2477
08/09/2026 13:03:07,Metodología GEIH Empalme DANE 2022,Trece áreas metropolitanas,2003-10-31 00:00:00,60.2721,15.3238
08/09/2026 13:03:07,Metodología GEIH Empalme DANE 2022,Trece áreas metropolitanas,2003-11-30 00:00:00,60.8296,14.0501
08/09/2026 13:03:07,Metodología GEIH Empalme DANE 2022,Trece áreas metropolitanas,2003-12-31 00:00:00,59.8791,14.3863
08/09/2026 13:03:07,Metodología GEIH Empalme DANE 2022,Trece áreas metropolitanas,2004-01-31 00:00:00,56.1206,18.1423
08/09/2026 13:03:07,Metodología GEIH Empalme DANE 2022,Trece áreas metropolitanas,2004-02-29 00:00:00,57.3272,17.167
08/09/2026 13:03:07,Metodología GEIH Empalme DANE 2022,Trece áreas metropolitanas,2004-03-31 00:00:00,57.9783,16.0489
08/09/2026 13:03:07,Metodología GEIH Empalme DANE 2022,Trece áreas metropolitanas,2004-04-30 00:00:00,55.9241,16.575
08/09/2026 13:03:07,Metodología GEIH Empalme DANE 2022,Trece áreas metropolitanas,2004-05-31 00:00:00,57.6091,14.8504
08/09/2026 13:03:07,Metodología GEIH Empalme DANE 2022,Trece áreas metropolitanas,2004-06-30 00:00:00,56.3406,15.669
08/09/2026 13:03:07,Metodología GEIH Empalme DANE 2022,Trece áreas metropolitanas,2004-07-31 00:00:00,58.1628,15.2025
08/09/2026 13:03:07,Metodología GEIH Empalme DANE 2022,Trece áreas metropolitanas,2004-08-31 00:00:00,57.8962,14.6964
08/09/2026 13:03:07,Metodología GEIH Empalme DANE 2022,Trece áreas metropolitanas,2004-09-30 00:00:00,58.2066,14.4285
08/09/2026 13:03:07,Metodología GEIH Empalme DANE 2022,Trece áreas metropolitanas,2004-10-31 00:00:00,58.5744,13.9985
08/09/2026 13:03:07,Metodología GEIH Empalme DANE 2022,Trece áreas metropolitanas,2004-11-30 00:00:00,59.1561,13.7408
08/09/2026 13:03:07,Metodología GEIH Empalme DANE 2022,Trece áreas metropolitanas,2004-12-31 00:00:00,59.5614,12.8536
08/09/2026 13:03:07,Metodología GEIH Empalme DANE 2022,Trece áreas metropolitanas,2005-01-31 00:00:00,56.7835,16.2491
08/09/2026 13:03:07,Metodología GEIH Empalme DANE 2022,Trece áreas metropolitanas,2005-02-28 00:00:00,56.3846,15.9138
08/09/2026 13:03:07,Metodología GEIH Empalme DANE 2022,Trece áreas metropolitanas,2005-03-31 00:00:00,57.6791,15.1025
08/09/2026 13:03:07,Metodología GEIH Empalme DANE 2022,Trece áreas metropolitanas,2005-04-30 00:00:00,57.6951,14.4045
08/09/2026 13:03:07,Metodología GEIH Empalme DANE 2022,Trece áreas metropolitanas,2005-05-31 00:00:00,58.3338,13.6925
08/09/2026 13:03:07,Metodología GEIH Empalme DANE 2022,Trece áreas metropolitanas,2005-06-30 00:00:00,57.4731,14.012
08/09/2026 13:03:07,Metodología GEIH Empalme DANE 2022,Trece áreas metropolitanas,2005-07-31 00:00:00,58.188,14.1282
08/09/2026 13:03:07,Metodología GEIH Empalme DANE 2022,Trece áreas metropolitanas,2005-08-31 00:00:00,58.9288,13.7525
08/09/2026 13:03:07,Metodología GEIH Empalme DANE 2022,Trece áreas metropolitanas,2005-09-30 00:00:00,58.6631,13.3547
08/09/2026 13:03:07,Metodología GEIH Empalme DANE 2022,Trece áreas metropolitanas,2005-10-31 00:00:00,60.348,12.0008
08/09/2026 13:03:07,Metodología GEIH Empalme DANE 2022,Trece áreas metropolitanas,2005-11-30 00:00:00,59.7709,12.0741
08/09/2026 13:03:07,Metodología GEIH Empalme DANE 2022,Trece áreas metropolitanas,2005-12-31 00:00:00,60.653,11.9345
08/09/2026 13:03:07,Metodología GEIH Empalme DANE 2022,Trece áreas metropolitanas,2006-01-31 00:00:00,56.5248,15.8034
08/09/2026 13:03:07,Metodología GEIH Empalme DANE 2022,Trece áreas metropolitanas,2006-02-28 00:00:00,58.825,14.0221
08/09/2026 13:03:07,Metodología GEIH Empalme DANE 2022,Trece áreas metropolitanas,2006-03-31 00:00:00,59.308,12.2545
08/09/2026 13:03:07,Metodología GEIH Empalme DANE 2022,Trece áreas metropolitanas,2006-04-30 00:00:00,57.7892,12.6726
08/09/2026 13:03:07,Metodología GEIH Empalme DANE 2022,Trece áreas metropolitanas,2006-05-31 00:00:00,58.305,13.123
08/09/2026 13:03:07,Metodología GEIH Empalme DANE 2022,Trece áreas metropolitanas,2006-06-30 00:00:00,59.4285,12.4409
08/09/2026 13:03:07,Metodología GEIH Empalme DANE 2022,Trece áreas metropolitanas,2006-07-31 00:00:00,58.5859,12.9067
08/09/2026 13:03:07,Metodología GEIH Empalme DANE 2022,Trece áreas metropolitanas,2006-08-31 00:00:00,56.704166834,12.748789771
08/09/2026 13:03:07,Metodología GEIH Empalme DANE 2022,Trece áreas metropolitanas,2006-09-30 00:00:00,56.900330752,12.609323024
08/09/2026 13:03:07,Metodología GEIH Empalme DANE 2022,Trece áreas metropolitanas,2006-10-31 00:00:00,57.042701842,12.292611881
08/09/2026 13:03:07,Metodología GEIH Empalme DANE 2022,Trece áreas metropolitanas,2006-11-30 00:00:00,57.927127757,11.17991277
08/09/2026 13:03:07,Metodología GEIH Empalme DANE 2022,Trece áreas metropolitanas,2006-12-31 00:00:00,56.414118087,12.74042902
08/09/2026 13:03:07,Metodología GEIH Empalme DANE 2022,Trece áreas metropolitanas,2007-01-31 00:00:00,55.162016619,14.418047397
08/09/2026 13:03:07,Metodología GEIH Empalme DANE 2022,Trece áreas metropolitanas,2007-02-28 00:00:00,58.097791098,12.836924917
08/09/2026 13:03:07,Metodología GEIH Empalme DANE 2022,Trece áreas metropolitanas,2007-03-31 00:00:00,57.547746976,12.608509241
08/09/2026 13:03:07,Metodología GEIH Empalme DANE 2022,Trece áreas metropolitanas,2007-04-30 00:00:00,57.514341361,11.606801318
08/09/2026 13:03:07,Metodología GEIH Empalme DANE 2022,Trece áreas metropolitanas,2007-05-31 00:00:00,59.07719467,11.440624833
08/09/2026 13:03:07,Metodología GEIH Empalme DANE 2022,Trece áreas metropolitanas,2007-06-30 00:00:00,58.456512738,11.619609586
08/09/2026 13:03:07,Metodología GEIH Empalme DANE 2022,Trece áreas metropolitanas,2007-07-31 00:00:00,58.281058247,11.363070974
08/09/2026 13:03:07,Metodología GEIH Empalme DANE 2022,Trece áreas metropolitanas,2007-08-31 00:00:00,58.465473205,11.438485903
08/09/2026 13:03:07,Metodología GEIH Empalme DANE 2022,Trece áreas metropolitanas,2007-09-30 00:00:00,59.856035356,10.46828995
08/09/2026 13:03:07,Metodología GEIH Empalme DANE 2022,Trece áreas metropolitanas,2007-10-31 00:00:00,60.526384503,10.275408492
08/09/2026 13:03:07,Metodología GEIH Empalme DANE 2022,Trece áreas metropolitanas,2007-11-30 00:00:00,60.942368443,8.933828319
08/09/2026 13:03:07,Metodología GEIH Empalme DANE 2022,Trece áreas metropolitanas,2007-12-31 00:00:00,58.668728203,10.138057409
08/09/2026 13:03:07,Metodología GEIH Empalme DANE 2022,Trece áreas metropolitanas,2008-01-31 00:00:00,58.339353675,12.349240612
08/09/2026 13:03:07,Metodología GEIH Empalme DANE 2022,Trece áreas metropolitanas,2008-02-29 00:00:00,58.863708275,12.67904298
08/09/2026 13:03:07,Metodología GEIH Empalme DANE 2022,Trece áreas metropolitanas,2008-03-31 00:00:00,58.983401397,12.125739105
08/09/2026 13:03:07,Metodología GEIH Empalme DANE 2022,Trece áreas metropolitanas,2008-04-30 00:00:00,59.975855511,11.354771572
08/09/2026 13:03:07,Metodología GEIH Empalme DANE 2022,Trece áreas metropolitanas,2008-05-31 00:00:00,59.072254078,11.687970995
08/09/2026 13:03:07,Metodología GEIH Empalme DANE 2022,Trece áreas metropolitanas,2008-06-30 00:00:00,57.712764703,11.865313877
08/09/2026 13:03:07,Metodología GEIH Empalme DANE 2022,Trece áreas metropolitanas,2008-07-31 00:00:00,60.000356765,11.889062114
08/09/2026 13:03:07,Metodología GEIH Empalme DANE 2022,Trece áreas metropolitanas,2008-08-31 00:00:00,59.517051887,11.409294064
08/09/2026 13:03:07,Metodología GEIH Empalme DANE 2022,Trece áreas metropolitanas,2008-09-30 00:00:00,59.127430374,11.259837809
08/09/2026 13:03:07,Metodología GEIH Empalme DANE 2022,Trece áreas metropolitanas,2008-10-31 00:00:00,59.902389669,10.911574538
08/09/2026 13:03:07,Metodología GEIH Empalme DANE 2022,Trece áreas metropolitanas,2008-11-30 00:00:00,59.14730601,10.366967034
08/09/2026 13:03:07,Metodología GEIH Empalme DANE 2022,Trece áreas metropolitanas,2008-12-31 00:00:00,58.558025642,10.823905816
08/09/2026 13:03:07,Metodología GEIH Empalme DANE 2022,Trece áreas metropolitanas,2009-01-31 00:00:00,56.563580972,15.028039208
08/09/2026 13:03:07,Metodología GEIH Empalme DANE 2022,Trece áreas metropolitanas,2009-02-28 00:00:00,59.225627959,13.695398855
08/09/2026 13:03:07,Metodología GEIH Empalme DANE 2022,Trece áreas metropolitanas,2009-03-31 00:00:00,59.082562005,13.512634783
08/09/2026 13:03:07,Metodología GEIH Empalme DANE 2022,Trece áreas metropolitanas,2009-04-30 00:00:00,60.193361022,12.956135686
08/09/2026 13:03:07,Metodología GEIH Empalme DANE 2022,Trece áreas metropolitanas,2009-05-31 00:00:00,59.844610377,12.531553791
08/09/2026 13:03:07,Metodología GEIH Empalme DANE 2022,Trece áreas metropolitanas,2009-06-30 00:00:00,60.141273337,13.198789821
08/09/2026 13:03:07,Metodología GEIH Empalme DANE 2022,Trece áreas metropolitanas,2009-07-31 00:00:00,60.943518015,12.963663145
08/09/2026 13:03:07,Metodología GEIH Empalme DANE 2022,Trece áreas metropolitanas,2009-08-31 00:00:00,59.185975431,13.243430052
08/09/2026 13:03:07,Metodología GEIH Empalme DANE 2022,Trece áreas metropolitanas,2009-09-30 00:00:00,59.61430284,13.047137012
08/09/2026 13:03:07,Metodología GEIH Empalme DANE 2022,Trece áreas metropolitanas,2009-10-31 00:00:00,61.255915383,12.552224743
08/09/2026 13:03:07,Metodología GEIH Empalme DANE 2022,Trece áreas metropolitanas,2009-11-30 00:00:00,61.224865764,12.260918875
08/09/2026 13:03:07,Metodología GEIH Empalme DANE 2022,Trece áreas metropolitanas,2009-12-31 00:00:00,61.121701295,12.360492808
08/09/2026 13:03:07,Metodología GEIH Empalme DANE 2022,Trece áreas metropolitanas,2010-01-31 00:00:00,58.5567,15.501
08/09/2026 13:03:07,Metodología GEIH Empalme DANE 2022,Trece áreas metropolitanas,2010-02-28 00:00:00,59.8148,13.6275
08/09/2026 13:03:07,Metodología GEIH Empalme DANE 2022,Trece áreas metropolitanas,2010-03-31 00:00:00,60.1889,12.5766
08/09/2026 13:03:07,Metodología GEIH Empalme DANE 2022,Trece áreas metropolitanas,2010-04-30 00:00:00,60.5986,12.5512
08/09/2026 13:03:07,Metodología GEIH Empalme DANE 2022,Trece áreas metropolitanas,2010-05-31 00:00:00,59.9779,12.9341
08/09/2026 13:03:07,Metodología GEIH Empalme DANE 2022,Trece áreas metropolitanas,2010-06-30 00:00:00,60.5982,13.0237
08/09/2026 13:03:07,Metodología GEIH Empalme DANE 2022,Trece áreas metropolitanas,2010-07-31 00:00:00,60.8816,13.4763
08/09/2026 13:03:07,Metodología GEIH Empalme DANE 2022,Trece áreas metropolitanas,2010-08-31 00:00:00,60.6925,12.3487
08/09/2026 13:03:07,Metodología GEIH Empalme DANE 2022,Trece áreas metropolitanas,2010-09-30 00:00:00,62.0238,11.6315
08/09/2026 13:03:07,Metodología GEIH Empalme DANE 2022,Trece áreas metropolitanas,2010-10-31 00:00:00,62.069,11.3543
08/09/2026 13:03:07,Metodología GEIH Empalme DANE 2022,Trece áreas metropolitanas,2010-11-30 00:00:00,62.9667,10.7472
08/09/2026 13:03:07,Metodología GEIH Empalme DANE 2022,Trece áreas metropolitanas,2010-12-31 00:00:00,61.8995,11.4969
08/09/2026 13:03:07,Metodología GEIH Empalme DANE 2022,Trece áreas metropolitanas,2011-01-31 00:00:00,59.1263,14.8328
08/09/2026 13:03:07,Metodología GEIH Empalme DANE 2022,Trece áreas metropolitanas,2011-02-28 00:00:00,60.3716,13.337
08/09/2026 13:03:07,Metodología GEIH Empalme DANE 2022,Trece áreas metropolitanas,2011-03-31 00:00:00,60.9785,12.3594
08/09/2026 13:03:07,Metodología GEIH Empalme DANE 2022,Trece áreas metropolitanas,2011-04-30 00:00:00,61.24,11.8592
08/09/2026 13:03:07,Metodología GEIH Empalme DANE 2022,Trece áreas metropolitanas,2011-05-31 00:00:00,61.935,11.189
08/09/2026 13:03:07,Metodología GEIH Empalme DANE 2022,Trece áreas metropolitanas,2011-06-30 00:00:00,61.8333,11.9809
08/09/2026 13:03:07,Metodología GEIH Empalme DANE 2022,Trece áreas metropolitanas,2011-07-31 00:00:00,62.2426,11.4258
08/09/2026 13:03:07,Metodología GEIH Empalme DANE 2022,Trece áreas metropolitanas,2011-08-31 00:00:00,61.7933,10.5247
08/09/2026 13:03:07,Metodología GEIH Empalme DANE 2022,Trece áreas metropolitanas,2011-09-30 00:00:00,63.4278,10.3807
08/09/2026 13:03:07,Metodología GEIH Empalme DANE 2022,Trece áreas metropolitanas,2011-10-31 00:00:00,64.6097,10.4482
08/09/2026 13:03:07,Metodología GEIH Empalme DANE 2022,Trece áreas metropolitanas,2011-11-30 00:00:00,63.5484,10.416
08/09/2026 13:03:07,Metodología GEIH Empalme DANE 2022,Trece áreas metropolitanas,2011-12-31 00:00:00,63.1141,10.5928
08/09/2026 13:03:07,Metodología GEIH Empalme DANE 2022,Trece áreas metropolitanas,2012-01-31 00:00:00,60.3673,13.4948
08/09/2026 13:03:07,Metodología GEIH Empalme DANE 2022,Trece áreas metropolitanas,2012-02-29 00:00:00,60.511,12.6548
08/09/2026 13:03:07,Metodología GEIH Empalme DANE 2022,Trece áreas metropolitanas,2012-03-31 00:00:00,62.8481,11.2998
08/09/2026 13:03:07,Metodología GEIH Empalme DANE 2022,Trece áreas metropolitanas,2012-04-30 00:00:00,61.8113,11.5198
08/09/2026 13:03:07,Metodología GEIH Empalme DANE 2022,Trece áreas metropolitanas,2012-05-31 00:00:00,62.6885,12.0481
08/09/2026 13:03:07,Metodología GEIH Empalme DANE 2022,Trece áreas metropolitanas,2012-06-30 00:00:00,62.9699,11.5976
08/09/2026 13:03:07,Metodología GEIH Empalme DANE 2022,Trece áreas metropolitanas,2012-07-31 00:00:00,62.924,11.7304
08/09/2026 13:03:07,Metodología GEIH Empalme DANE 2022,Trece áreas metropolitanas,2012-08-31 00:00:00,63.2265,10.7337
08/09/2026 13:03:07,Metodología GEIH Empalme DANE 2022,Trece áreas metropolitanas,2012-09-30 00:00:00,62.9534,10.8704
08/09/2026 13:03:07,Metodología GEIH Empalme DANE 2022,Trece áreas metropolitanas,2012-10-31 00:00:00,63.4682,10.4486
08/09/2026 13:03:07,Metodología GEIH Empalme DANE 2022,Trece áreas metropolitanas,2012-11-30 00:00:00,63.8741,10.0867
08/09/2026 13:03:07,Metodología GEIH Empalme DANE 2022,Trece áreas metropolitanas,2012-12-31 00:00:00,62.8226,10.5729
08/09/2026 13:03:07,Metodología GEIH Empalme DANE 2022,Trece áreas metropolitanas,2013-01-31 00:00:00,60.5354,13.4079
08/09/2026 13:03:07,Metodología GEIH Empalme DANE 2022,Trece áreas metropolitanas,2013-02-28 00:00:00,60.9812,12.4313
08/09/2026 13:03:07,Metodología GEIH Empalme DANE 2022,Trece áreas metropolitanas,2013-03-31 00:00:00,61.3496,11.8875
08/09/2026 13:03:07,Metodología GEIH Empalme DANE 2022,Trece áreas metropolitanas,2013-04-30 00:00:00,61.4031,11.056
08/09/2026 13:03:07,Metodología GEIH Empalme DANE 2022,Trece áreas metropolitanas,2013-05-31 00:00:00,62.843,10.8095
08/09/2026 13:03:07,Metodología GEIH Empalme DANE 2022,Trece áreas metropolitanas,2013-06-30 00:00:00,62.0459,11.3588
08/09/2026 13:03:07,Metodología GEIH Empalme DANE 2022,Trece áreas metropolitanas,2013-07-31 00:00:00,63.1841,10.2631
08/09/2026 13:03:07,Metodología GEIH Empalme DANE 2022,Trece áreas metropolitanas,2013-08-31 00:00:00,63.0855,10.567
08/09/2026 13:03:07,Metodología GEIH Empalme DANE 2022,Trece áreas metropolitanas,2013-09-30 00:00:00,62.7261,10.0783
08/09/2026 13:03:07,Metodología GEIH Empalme DANE 2022,Trece áreas metropolitanas,2013-10-31 00:00:00,63.0397,8.9246
08/09/2026 13:03:07,Metodología GEIH Empalme DANE 2022,Trece áreas metropolitanas,2013-11-30 00:00:00,63.4513,9.5061
08/09/2026 13:03:07,Metodología GEIH Empalme DANE 2022,Trece áreas metropolitanas,2013-12-31 00:00:00,62.9819,9.9189
08/09/2026 13:03:07,Metodología GEIH Empalme DANE 2022,Trece áreas metropolitanas,2014-01-31 00:00:00,60.3671,12.6404
08/09/2026 13:03:07,Metodología GEIH Empalme DANE 2022,Trece áreas metropolitanas,2014-02-28 00:00:00,61.5799,11.4972
08/09/2026 13:03:07,Metodología GEIH Empalme DANE 2022,Trece áreas metropolitanas,2014-03-31 00:00:00,61.6715,10.8643
08/09/2026 13:03:07,Metodología GEIH Empalme DANE 2022,Trece áreas metropolitanas,2014-04-30 00:00:00,62.8127,9.5436
08/09/2026 13:03:07,Metodología GEIH Empalme DANE 2022,Trece áreas metropolitanas,2014-05-31 00:00:00,62.7047,10.339
08/09/2026 13:03:07,Metodología GEIH Empalme DANE 2022,Trece áreas metropolitanas,2014-06-30 00:00:00,62.492,10.9104
08/09/2026 13:03:07,Metodología GEIH Empalme DANE 2022,Trece áreas metropolitanas,2014-07-31 00:00:00,62.7124,10.2475
08/09/2026 13:03:07,Metodología GEIH Empalme DANE 2022,Trece áreas metropolitanas,2014-08-31 00:00:00,63.0575,9.7299
08/09/2026 13:03:07,Metodología GEIH Empalme DANE 2022,Trece áreas metropolitanas,2014-09-30 00:00:00,64.403,9.6332
08/09/2026 13:03:07,Metodología GEIH Empalme DANE 2022,Trece áreas metropolitanas,2014-10-31 00:00:00,64.3149,8.9754
08/09/2026 13:03:07,Metodología GEIH Empalme DANE 2022,Trece áreas metropolitanas,2014-11-30 00:00:00,63.9262,8.9638
08/09/2026 13:03:07,Metodología GEIH Empalme DANE 2022,Trece áreas metropolitanas,2014-12-31 00:00:00,63.1685,9.6611
08/09/2026 13:03:07,Metodología GEIH Empalme DANE 2022,Trece áreas metropolitanas,2015-01-31 00:00:00,61.044,12.1707
08/09/2026 13:03:07,Metodología GEIH Empalme DANE 2022,Trece áreas metropolitanas,2015-02-28 00:00:00,62.3445,10.3
08/09/2026 13:03:07,Metodología GEIH Empalme DANE 2022,Trece áreas metropolitanas,2015-03-31 00:00:00,62.2914,10.4332
08/09/2026 13:03:07,Metodología GEIH Empalme DANE 2022,Trece áreas metropolitanas,2015-04-30 00:00:00,62.3885,10.7684
08/09/2026 13:03:07,Metodología GEIH Empalme DANE 2022,Trece áreas metropolitanas,2015-05-31 00:00:00,62.7339,9.8816
08/09/2026 13:03:07,Metodología GEIH Empalme DANE 2022,Trece áreas metropolitanas,2015-06-30 00:00:00,62.3815,9.9796
08/09/2026 13:03:07,Metodología GEIH Empalme DANE 2022,Trece áreas metropolitanas,2015-07-31 00:00:00,62.9624,9.3622
08/09/2026 13:03:07,Metodología GEIH Empalme DANE 2022,Trece áreas metropolitanas,2015-08-31 00:00:00,62.781,10.1927
08/09/2026 13:03:07,Metodología GEIH Empalme DANE 2022,Trece áreas metropolitanas,2015-09-30 00:00:00,62.5514,9.9464
08/09/2026 13:03:07,Metodología GEIH Empalme DANE 2022,Trece áreas metropolitanas,2015-10-31 00:00:00,63.6517,9.1516
08/09/2026 13:03:07,Metodología GEIH Empalme DANE 2022,Trece áreas metropolitanas,2015-11-30 00:00:00,64.0823,8.4513
08/09/2026 13:03:07,Metodología GEIH Empalme DANE 2022,Trece áreas metropolitanas,2015-12-31 00:00:00,62.0972,10.128
08/09/2026 13:03:07,Metodología GEIH Empalme DANE 2022,Trece áreas metropolitanas,2016-01-31 00:00:00,59.4121,14.4577
08/09/2026 13:03:07,Metodología GEIH Empalme DANE 2022,Trece áreas metropolitanas,2016-02-29 00:00:00,62.3712,10.6818
08/09/2026 13:03:07,Metodología GEIH Empalme DANE 2022,Trece áreas metropolitanas,2016-03-31 00:00:00,61.2354,10.4975
08/09/2026 13:03:07,Metodología GEIH Empalme DANE 2022,Trece áreas metropolitanas,2016-04-30 00:00:00,62.2258,9.3928
08/09/2026 13:03:07,Metodología GEIH Empalme DANE 2022,Trece áreas metropolitanas,2016-05-31 00:00:00,61.1486,9.4105
08/09/2026 13:03:07,Metodología GEIH Empalme DANE 2022,Trece áreas metropolitanas,2016-06-30 00:00:00,61.7751,10.5653
08/09/2026 13:03:07,Metodología GEIH Empalme DANE 2022,Trece áreas metropolitanas,2016-07-31 00:00:00,61.1885,10.7714
08/09/2026 13:03:07,Metodología GEIH Empalme DANE 2022,Trece áreas metropolitanas,2016-08-31 00:00:00,61.4044,10.0949
08/09/2026 13:03:07,Metodología GEIH Empalme DANE 2022,Trece áreas metropolitanas,2016-09-30 00:00:00,62.3133,9.4703
08/09/2026 13:03:07,Metodología GEIH Empalme DANE 2022,Trece áreas metropolitanas,2016-10-31 00:00:00,62.562,9.3466
08/09/2026 13:03:07,Metodología GEIH Empalme DANE 2022,Trece áreas metropolitanas,2016-11-30 00:00:00,62.5024,8.8846
08/09/2026 13:03:07,Metodología GEIH Empalme DANE 2022,Trece áreas metropolitanas,2016-12-31 00:00:00,61.8614,10.1517
08/09/2026 13:03:07,Metodología GEIH Empalme DANE 2022,Trece áreas metropolitanas,2017-01-31 00:00:00,59.0241,13.7155
08/09/2026 13:03:07,Metodología GEIH Empalme DANE 2022,Trece áreas metropolitanas,2017-02-28 00:00:00,60.1479,11.4087
08/09/2026 13:03:07,Metodología GEIH Empalme DANE 2022,Trece áreas metropolitanas,2017-03-31 00:00:00,60.3305,11.0298
08/09/2026 13:03:07,Metodología GEIH Empalme DANE 2022,Trece áreas metropolitanas,2017-04-30 00:00:00,60.6142,11.0747
08/09/2026 13:03:07,Metodología GEIH Empalme DANE 2022,Trece áreas metropolitanas,2017-05-31 00:00:00,60.6553,10.6375
08/09/2026 13:03:07,Metodología GEIH Empalme DANE 2022,Trece áreas metropolitanas,2017-06-30 00:00:00,61.1027,11.2409
08/09/2026 13:03:07,Metodología GEIH Empalme DANE 2022,Trece áreas metropolitanas,2017-07-31 00:00:00,59.8547,11.7674
08/09/2026 13:03:07,Metodología GEIH Empalme DANE 2022,Trece áreas metropolitanas,2017-08-31 00:00:00,60.9402,10.3695
08/09/2026 13:03:07,Metodología GEIH Empalme DANE 2022,Trece áreas metropolitanas,2017-09-30 00:00:00,60.8142,10.9052
08/09/2026 13:03:07,Metodología GEIH Empalme DANE 2022,Trece áreas metropolitanas,2017-10-31 00:00:00,60.8924,9.7328
08/09/2026 13:03:07,Metodología GEIH Empalme DANE 2022,Trece áreas metropolitanas,2017-11-30 00:00:00,60.6566,9.9617
08/09/2026 13:03:07,Metodología GEIH Empalme DANE 2022,Trece áreas metropolitanas,2017-12-31 00:00:00,60.6509,10.0804
08/09/2026 13:03:07,Metodología GEIH Empalme DANE 2022,Trece áreas metropolitanas,2018-01-31 00:00:00,57.0455,13.9287
08/09/2026 13:03:07,Metodología GEIH Empalme DANE 2022,Trece áreas metropolitanas,2018-02-28 00:00:00,58.4531,12.2467
08/09/2026 13:03:07,Metodología GEIH Empalme DANE 2022,Trece áreas metropolitanas,2018-03-31 00:00:00,60.2371,11.0233
08/09/2026 13:03:07,Metodología GEIH Empalme DANE 2022,Trece áreas metropolitanas,2018-04-30 00:00:00,59.3414,11.0226
08/09/2026 13:03:07,Metodología GEIH Empalme DANE 2022,Trece áreas metropolitanas,2018-05-31 00:00:00,60.9284,10.484
08/09/2026 13:03:07,Metodología GEIH Empalme DANE 2022,Trece áreas metropolitanas,2018-06-30 00:00:00,59.4809,11.4099
08/09/2026 13:03:07,Metodología GEIH Empalme DANE 2022,Trece áreas metropolitanas,2018-07-31 00:00:00,60.7884,10.3826
08/09/2026 13:03:07,Metodología GEIH Empalme DANE 2022,Trece áreas metropolitanas,2018-08-31 00:00:00,59.3948,10.4404
08/09/2026 13:03:07,Metodología GEIH Empalme DANE 2022,Trece áreas metropolitanas,2018-09-30 00:00:00,60.6386,10.7836
08/09/2026 13:03:07,Metodología GEIH Empalme DANE 2022,Trece áreas metropolitanas,2018-10-31 00:00:00,59.7565,10.5788
08/09/2026 13:03:07,Metodología GEIH Empalme DANE 2022,Trece áreas metropolitanas,2018-11-30 00:00:00,59.4628,10.1508
08/09/2026 13:03:07,Metodología GEIH Empalme DANE 2022,Trece áreas metropolitanas,2018-12-31 00:00:00,59.7131,11.094
08/09/2026 13:03:07,Metodología GEIH Empalme DANE 2022,Trece áreas metropolitanas,2019-01-31 00:00:00,56.7502,13.975
08/09/2026 13:03:07,Metodología GEIH Empalme DANE 2022,Trece áreas metropolitanas,2019-02-28 00:00:00,57.6722,12.8654
08/09/2026 13:03:07,Metodología GEIH Empalme DANE 2022,Trece áreas metropolitanas,2019-03-31 00:00:00,58.7926,12.3335
08/09/2026 13:03:07,Metodología GEIH Empalme DANE 2022,Trece áreas metropolitanas,2019-04-30 00:00:00,58.3477,11.4271
08/09/2026 13:03:07,Metodología GEIH Empalme DANE 2022,Trece áreas metropolitanas,2019-05-31 00:00:00,58.8533,11.7058
08/09/2026 13:03:07,Metodología GEIH Empalme DANE 2022,Trece áreas metropolitanas,2019-06-30 00:00:00,59.4581,10.9956
08/09/2026 13:03:07,Metodología GEIH Empalme DANE 2022,Trece áreas metropolitanas,2019-07-31 00:00:00,59.6517,10.8079
08/09/2026 13:03:07,Metodología GEIH Empalme DANE 2022,Trece áreas metropolitanas,2019-08-31 00:00:00,57.8969,11.7741
08/09/2026 13:03:07,Metodología GEIH Empalme DANE 2022,Trece áreas metropolitanas,2019-09-30 00:00:00,59.2158,10.5372
08/09/2026 13:03:07,Metodología GEIH Empalme DANE 2022,Trece áreas metropolitanas,2019-10-31 00:00:00,59.3758,10.5011
08/09/2026 13:03:07,Metodología GEIH Empalme DANE 2022,Trece áreas metropolitanas,2019-11-30 00:00:00,59.6502,10.5873
08/09/2026 13:03:07,Metodología GEIH Empalme DANE 2022,Trece áreas metropolitanas,2019-12-31 00:00:00,59.4199,10.9814
08/09/2026 13:03:07,Metodología GEIH Empalme DANE 2022,Trece áreas metropolitanas,2020-01-31 00:00:00,57.241,13.447
08/09/2026 13:03:07,Metodología GEIH Empalme DANE 2022,Trece áreas metropolitanas,2020-02-29 00:00:00,58.083,12.0407
08/09/2026 13:03:07,Metodología GEIH Empalme DANE 2022,Trece áreas metropolitanas,2020-03-31 00:00:00,52.6258,14.021
08/09/2026 13:03:07,Metodología GEIH Empalme DANE 2022,Trece áreas metropolitanas,2020-04-30 00:00:00,41.658,24.3791
08/09/2026 13:03:07,Metodología GEIH Empalme DANE 2022,Trece áreas metropolitanas,2020-05-31 00:00:00,45.2756,25.2178
08/09/2026 13:03:07,Metodología GEIH Empalme DANE 2022,Trece áreas metropolitanas,2020-06-30 00:00:00,45.4474,25.7887
08/09/2026 13:03:07,Metodología GEIH Empalme DANE 2022,Trece áreas metropolitanas,2020-07-31 00:00:00,45.7637,25.6464
08/09/2026 13:03:07,Metodología GEIH Empalme DANE 2022,Trece áreas metropolitanas,2020-08-31 00:00:00,49.7068,20.1895
08/09/2026 13:03:07,Metodología GEIH Empalme DANE 2022,Trece áreas metropolitanas,2020-09-30 00:00:00,51.8774,18.826
08/09/2026 13:03:07,Metodología GEIH Empalme DANE 2022,Trece áreas metropolitanas,2020-10-31 00:00:00,53.947,17.3062
08/09/2026 13:03:07,Metodología GEIH Empalme DANE 2022,Trece áreas metropolitanas,2020-11-30 00:00:00,54.3881,15.8742
08/09/2026 13:03:07,Metodología GEIH Empalme DANE 2022,Trece áreas metropolitanas,2020-12-31 00:00:00,53.8985,15.9247
08/09/2026 13:03:07,Metodología GEIH Empalme DANE 2022,Trece áreas metropolitanas,2021-01-31 00:00:00,50.995396458,19.42158973
08/09/2026 13:03:07,Metodología GEIH Empalme DANE 2022,Trece áreas metropolitanas,2021-02-28 00:00:00,52.990217069,18.069294655
08/09/2026 13:03:07,Metodología GEIH Empalme DANE 2022,Trece áreas metropolitanas,2021-03-31 00:00:00,53.646192674,16.638303737
08/09/2026 13:03:07,Metodología GEIH Empalme DANE 2022,Trece áreas metropolitanas,2021-04-30 00:00:00,52.402687836,17.408153604
08/09/2026 13:03:07,Metodología GEIH Empalme DANE 2022,Trece áreas metropolitanas,2021-05-31 00:00:00,53.153407276,16.542489029
08/09/2026 13:03:07,Metodología GEIH Empalme DANE 2022,Trece áreas metropolitanas,2021-06-30 00:00:00,53.810672597,16.215078084
08/09/2026 13:03:07,Metodología GEIH Empalme DANE 2022,Trece áreas metropolitanas,2021-07-31 00:00:00,53.823587211,14.676460337
08/09/2026 13:03:07,Metodología GEIH Empalme DANE 2022,Trece áreas metropolitanas,2021-08-31 00:00:00,54.870287488,13.355282673
08/09/2026 13:03:07,Metodología GEIH Empalme DANE 2022,Trece áreas metropolitanas,2021-09-30 00:00:00,54.71156975,13.280065422
08/09/2026 13:03:07,Metodología GEIH Empalme DANE 2022,Trece áreas metropolitanas,2021-10-31 00:00:00,54.427681923,12.934581641
08/09/2026 13:03:07,Metodología GEIH Empalme DANE 2022,Trece áreas metropolitanas,2021-11-30 00:00:00,55.640483909,12.182738401
08/09/2026 13:03:07,Metodología GEIH Empalme DANE 2022,Trece áreas metropolitanas,2021-12-31 00:00:00,55.414927565,11.413275451
08/09/2026 13:03:07,Metodología GEIH Empalme DANE 2022,Trece áreas metropolitanas,2022-01-31 00:00:00,54.90043741,14.830635935
08/09/2026 13:03:07,Metodología GEIH Empalme DANE 2022,Trece áreas metropolitanas,2022-02-28 00:00:00,57.176355808,12.718185589
08/09/2026 13:03:07,Metodología GEIH Empalme DANE 2022,Trece áreas metropolitanas,2022-03-31 00:00:00,57.661745691,12.639534158
08/09/2026 13:03:07,Metodología GEIH Empalme DANE 2022,Trece áreas metropolitanas,2022-04-30 00:00:00,58.21772711,11.053914089
08/09/2026 13:03:07,Metodología GEIH Empalme DANE 2022,Trece áreas metropolitanas,2022-05-31 00:00:00,57.945131643,11.023920657
08/09/2026 13:03:07,Metodología GEIH Empalme DANE 2022,Trece áreas metropolitanas,2022-06-30 00:00:00,57.686160635,11.728223164
08/09/2026 13:03:07,Metodología GEIH Empalme DANE 2022,Trece áreas metropolitanas,2022-07-31 00:00:00,57.714925304,11.271288952
08/09/2026 13:03:07,Metodología GEIH Empalme DANE 2022,Trece áreas metropolitanas,2022-08-31 00:00:00,58.050646056,10.822229119
08/09/2026 13:03:07,Metodología GEIH Empalme DANE 2022,Trece áreas metropolitanas,2022-09-30 00:00:00,59.69781011,10.448045455
08/09/2026 13:03:07,Metodología GEIH Empalme DANE 2022,Trece áreas metropolitanas,2022-10-31 00:00:00,59.209078324,9.896273451
08/09/2026 13:03:07,Metodología GEIH Empalme DANE 2022,Trece áreas metropolitanas,2022-11-30 00:00:00,59.531394055,9.10826477
08/09/2026 13:03:07,Metodología GEIH Empalme DANE 2022,Trece áreas metropolitanas,2022-12-31 00:00:00,58.82112395,10.821686629
08/09/2026 13:03:07,Metodología GEIH Empalme DANE 2022,Trece áreas metropolitanas,2023-01-31 00:00:00,55.967795268,14.497495667
08/09/2026 13:03:07,Metodología GEIH Empalme DANE 2022,Trece áreas metropolitanas,2023-02-28 00:00:00,57.67606628,11.506157133
08/09/2026 13:03:07,Metodología GEIH Empalme DANE 2022,Trece áreas metropolitanas,2023-03-31 00:00:00,59.779289356,10.469065397
08/09/2026 13:03:07,Metodología GEIH Empalme DANE 2022,Trece áreas metropolitanas,2023-04-30 00:00:00,58.632507733,11.091059697
08/09/2026 13:03:07,Metodología GEIH Empalme DANE 2022,Trece áreas metropolitanas,2023-05-31 00:00:00,58.303194326,11.217855537
08/09/2026 13:03:07,Metodología GEIH Empalme DANE 2022,Trece áreas metropolitanas,2023-06-30 00:00:00,60.686307581,8.835759169
08/09/2026 13:03:07,Metodología GEIH Empalme DANE 2022,Trece áreas metropolitanas,2023-07-31 00:00:00,60.499312942,9.787591912
08/09/2026 13:03:07,Metodología GEIH Empalme DANE 2022,Trece áreas metropolitanas,2023-08-31 00:00:00,60.032551644,9.582054291
08/09/2026 13:03:07,Metodología GEIH Empalme DANE 2022,Trece áreas metropolitanas,2023-09-30 00:00:00,60.226020003,9.635426837
08/09/2026 13:03:07,Metodología GEIH Empalme DANE 2022,Trece áreas metropolitanas,2023-10-31 00:00:00,60.747435335,8.954815652
08/09/2026 13:03:07,Metodología GEIH Empalme DANE 2022,Trece áreas metropolitanas,2023-11-30 00:00:00,61.434382634,8.655487808
08/09/2026 13:03:07,Metodología GEIH Empalme DANE 2022,Trece áreas metropolitanas,2023-12-31 00:00:00,59.477492568126,10.2388036999059
08/09/2026 13:03:07,Metodología GEIH Empalme DANE 2022,Trece áreas metropolitanas,2024-01-31 00:00:00,57.7370299312414,12.3784879002985
08/09/2026 13:03:07,Metodología GEIH Empalme DANE 2022,Trece áreas metropolitanas,2024-02-29 00:00:00,58.7557173298314,11.6219405156173
08/09/2026 13:03:07,Metodología GEIH Empalme DANE 2022,Trece áreas metropolitanas,2024-03-31 00:00:00,59.8711540625562,10.756648488382
08/09/2026 13:03:07,Metodología GEIH Empalme DANE 2022,Trece áreas metropolitanas,2024-04-30 00:00:00,59.6853268421592,10.3467324787708
08/09/2026 13:03:07,Metodología GEIH Empalme DANE 2022,Trece áreas metropolitanas,2024-05-31 00:00:00,60.1557574973753,10.307034051463
08/09/2026 13:03:07,Metodología GEIH Empalme DANE 2022,Trece áreas metropolitanas,2024-06-30 00:00:00,60.1234317850792,10.1975285981347
08/09/2026 13:03:07,Metodología GEIH Empalme DANE 2022,Trece áreas metropolitanas,2024-07-31 00:00:00,60.1196188656861,10.2094013446453
08/09/2026 13:03:07,Metodología GEIH Empalme DANE 2022,Trece áreas metropolitanas,2024-08-31 00:00:00,60.5080662035667,10.0000872099323
08/09/2026 13:03:07,Metodología GEIH Empalme DANE 2022,Trece áreas metropolitanas,2024-09-30 00:00:00,60.135674380873,9.1577314789862
08/09/2026 13:03:07,Metodología GEIH Empalme DANE 2022,Trece áreas metropolitanas,2024-10-31 00:00:00,60.3845715559678,9.47329300606562
08/09/2026 13:03:07,Metodología GEIH Empalme DANE 2022,Trece áreas metropolitanas,2024-11-30 00:00:00,61.3768934856661,8.0252090733158
08/09/2026 13:03:07,Metodología GEIH Empalme DANE 2022,Trece áreas metropolitanas,2024-12-31 00:00:00,60.0680106721006,9.01114918448316
08/09/2026 13:03:07,Metodología GEIH Empalme DANE 2022,Trece áreas metropolitanas,2025-01-31 00:00:00,58.3601417714771,11.1088656275312
08/09/2026 13:03:07,Metodología GEIH Empalme DANE 2022,Trece áreas metropolitanas,2025-02-28 00:00:00,60.2852672192586,9.78443189697566
08/09/2026 13:03:07,Metodología GEIH Empalme DANE 2022,Trece áreas metropolitanas,2025-03-31 00:00:00,61.0933225262972,9.32862985381626
08/09/2026 13:03:07,Metodología GEIH Empalme DANE 2022,Trece áreas metropolitanas,2025-04-30 00:00:00,60.1090261198677,8.74296266256898
08/09/2026 13:03:07,Metodología GEIH Empalme DANE 2022,Trece áreas metropolitanas,2025-05-31 00:00:00,60.6049312457565,8.97663557736792
08/09/2026 13:03:07,Metodología GEIH Empalme DANE 2022,Trece áreas metropolitanas,2025-06-30 00:00:00,60.9008155776166,8.3476898729384
08/09/2026 13:03:07,Metodología GEIH Empalme DANE 2022,Trece áreas metropolitanas,2025-07-31 00:00:00,61.3494431754405,8.44001438128608
08/09/2026 13:03:07,Metodología GEIH Empalme DANE 2022,Trece áreas metropolitanas,2025-08-31 00:00:00,61.5383188422084,7.79425615991387
08/09/2026 13:03:07,Metodología GEIH Empalme DANE 2022,Trece áreas metropolitanas,2025-09-30 00:00:00,60.9804059802206,8.13890172912747
08/09/2026 13:03:07,Metodología GEIH Empalme DANE 2022,Trece áreas metropolitanas,2025-10-31 00:00:00,62.2295664424219,8.02615516797905
08/09/2026 13:03:07,Metodología GEIH Empalme DANE 2022,Trece áreas metropolitanas,2025-11-30 00:00:00,62.4552159710546,7.26777606471388
08/09/2026 13:03:07,Metodología GEIH Empalme DANE 2022,Trece áreas metropolitanas,2025-12-31 00:00:00,61.5361830652672,7.79497190257662
08/09/2026 13:03:07,Metodología GEIH Empalme DANE 2022,Trece áreas metropolitanas,2026-01-31 00:00:00,58.374448217597,10.6174011089161
08/09/2026 13:03:07,Metodología GEIH Empalme DANE 2022,Trece áreas metropolitanas,2026-02-28 00:00:00,60.2748523862854,9.21305956737156
08/09/2026 13:03:07,Metodología GEIH Empalme DANE 2022,Trece áreas metropolitanas,2026-03-31 00:00:00,60.8133528787551,9.35994080739231
08/09/2026 13:03:07,Metodología GEIH Empalme DANE 2022,Trece áreas metropolitanas,2026-04-30 00:00:00,60.7231061890749,8.7986313689969
08/09/2026 13:03:07,Metodología GEIH Empalme DANE 2022,Trece áreas metropolitanas,2026-05-31 00:00:00,60.630096799136,8.5129660533787
08/09/2026 13:03:07,Metodología GEIH Empalme DANE 2022,Trece áreas metropolitanas,2026-06-30 00:00:00,60.6133601052389,7.99812696992507
08/09/2026 13:03:07,Metodología GEIH Empalme DANE 2022,Trece áreas metropolitanas,2026-07-31 00:00:00,60.995801574931,8.54951430480388