MonthlyDate,InflationYOY,TRMAvg,OccupationRate,UnemploymentRate,PolicyRate,ColcapIndex,MonthlyReturn
2018-01,3.679528,2868.57,57.3864,12.1374,4.5,1558.18,2.941895418359586
2018-02,3.372119,2860.25,57.8333,11.1882,4.5,1478.33,-5.124568406730933
2018-03,3.139859,2847.93,58.7333,9.7716,4.5,1455.52,-1.5429572558224414
2018-04,3.127613,2766.29,59.8379,9.7292,4.25,1565.56,7.56018467626689
2018-05,3.156785,2861.83,59.2541,9.9795,4.25,1546.71,-1.2040420041390831
2018-06,3.198022,2889.69,59.8918,9.3085,4.25,1577.01,1.958996838450644
2018-07,3.119155,2885.32,58.8793,10.0423,4.25,1526.6,-3.1965555069403573
2018-08,3.098241,2958.67,59.5938,9.4292,4.25,1542.77,1.059216559675091
2018-09,3.226776,3033.77,59.4706,9.6707,4.25,1506.07,-2.378838064001765
2018-10,3.33375,3084.83,60.0706,9.3615,4.25,1392.18,-7.562065508243299
2018-11,3.268097,3194.03,58.7952,8.9905,4.25,1379.24,-0.9294775100920916
2018-12,3.178001,3218.55,59.779,9.9891,4.25,1325.93,-3.865172123778304
2019-01,3.15,3165.19,56.4654,13.0752,4.25,1447.01,9.131703785267684
2019-02,3.01408,3115.84,57.551,12.0926,4.25,1508.27,4.233557473687122
2019-03,3.21321,3128.68,57.6751,11.1814,4.25,1587.74,5.268950519469318
2019-04,3.24747,3155.76,57.3141,10.6566,4.25,1573.64,-0.888054719286524
2019-05,3.30935,3304.49,57.5788,10.9519,4.25,1487.0,-5.505706514831865
2019-06,3.42622,3260.52,58.7831,9.7229,4.25,1548.98,4.1681237390719605
2019-07,3.78535,3206.6,57.0848,11.2807,4.25,1562.13,0.8489457578535697
2019-08,3.75022,3410.73,56.8598,11.1973,4.25,1559.52,-0.167079564440864
2019-09,3.81597,3399.46,57.3598,10.8003,4.25,1577.96,1.1824151020827012
2019-10,3.85561,3433.31,58.8641,10.1236,4.25,1633.15,3.497553803645226
2019-11,3.84291,3401.47,58.7449,9.6186,4.25,1627.25,-0.3612650399534733
2019-12,3.8043,3378.05,58.1924,9.9497,4.25,1662.42,2.161315102166239
2020-01,3.62228,3311.19,55.3277,13.4585,4.25,1623.83,-2.321314709880784
2020-02,3.72005,3411.05,56.0715,12.8131,4.25,1549.61,-4.570675501745869
2020-03,3.85593,3877.05,52.45,13.1828,3.75,1123.85,-27.47530023683379
2020-04,3.50642,3977.39,42.4971,20.4853,3.75,1142.04,1.618543399919914
2020-05,2.85408,3858.19,44.2397,21.972,3.25,1095.84,-4.045392455605768
2020-06,2.19332,3701.6,46.8915,20.3591,2.75,1111.8,1.4564169951817751
2020-07,1.97118,3657.87,45.945,20.9147,2.5,1134.34,2.02734304731067
2020-08,1.8781,3783.03,49.729,17.4427,2.25,1216.03,7.201544510464242
2020-09,1.96742,3750.22,51.0728,16.2928,1.75,1171.92,-3.627377614039118
2020-10,1.74814,3833.79,53.6637,15.2814,1.75,1136.75,-3.00105809270258
2020-11,1.48947,3685.63,53.5533,13.9128,1.75,1258.0,10.66637343303276
2020-12,1.61045,3466.13,53.7425,13.9142,1.75,1437.89,14.299682034976158
2021-01,1.59721,3491.32,50.078841882,17.563265669,1.75,1348.12,-6.243175764488262
2021-02,1.5631,3554.5,52.771274505,15.585196369,1.75,1359.48,0.8426549565320629
2021-03,1.50655,3612.77,52.527336603,14.725529465,1.75,1316.81,-3.138700091211355
2021-04,1.94778,3650.78,51.571089344,15.488034242,1.75,1250.65,-5.0242631814764405
2021-05,3.29566,3735.67,52.106214759,15.204204747,1.75,1200.9,-3.977931475632668
2021-06,3.63476,3685.04,52.253657359,14.646591578,1.75,1248.83,3.991173286701621
2021-07,3.97009,3829.42,53.088076849,13.058523089,1.75,1236.73,-0.9689068968554482
2021-08,4.44102,3881.18,53.43221711,12.861392996,1.75,1319.96,6.729844024160481
2021-09,4.51017,3821.54,53.633540542,11.961303547,1.75,1361.95,3.1811570047577176
2021-10,4.58354,3773.38,54.612027577,11.995241041,2.0,1394.04,2.356180476522618
2021-11,5.25894,3902.9,55.016586109,11.533057524,2.5,1373.84,-1.4490258529167075
2021-12,5.62267,3963.13,55.541318136,11.096493065,3.0,1410.97,2.702643684854133
2022-01,6.9446,3999.62,53.409042207,14.647251143,4.0,1536.92,8.926483199501046
2022-02,8.00519,3935.84,55.884305474,12.905169722,4.0,1527.75,-0.5966478411368215
2022-03,8.52787,3807.17,55.821385198,12.121232557,4.0,1616.08,5.781705121911296
2022-04,9.2341,3792.98,56.468525276,11.168465857,5.0,1562.46,-3.317905054205228
2022-05,9.06678,4019.08,56.987311835,10.648261518,6.0,1603.23,2.6093467992780672
2022-06,9.67383,3930.77,56.502621487,11.261201224,6.0,1322.88,-17.486573978780328
2022-07,10.20582,4367.81,56.529092485,10.988923636,7.5,1295.96,-2.034954039671022
2022-08,10.83598,4322.47,56.729767921,10.63127651,9.0,1228.33,-5.218525263125418
2022-09,11.43989,4433.65,57.24866083,10.748438413,10.0,1128.24,-8.14846173259628
2022-10,12.22175,4711.83,57.736375458,9.721029957,11.0,1231.52,9.154080692051323
2022-11,12.53146,4926.66,57.3629419,9.500757733,11.0,1242.63,0.9021371963102708
2022-12,13.12247,4788.49,57.251224047,10.272678774,12.0,1286.07,3.4958113034450955
2023-01,13.25198,4715.2,54.69777211,13.704360068,12.75,1290.11,0.3141353114527234
2023-02,13.27902,4803.11,56.516620827,11.353126106,12.75,1187.56,-7.9489345869732
2023-03,13.34433,4766.31,57.8801333,10.032543955,13.0,1157.59,-2.52366196234296
2023-04,12.82287,4542.67,57.679106217,10.724700483,13.0,1198.81,3.560846240897031
2023-05,12.36026,4540.09,57.1687,10.4751,13.25,1099.03,-8.323253893444328
2023-06,12.12962,4209.27,58.324316891,9.342309621,13.25,1133.6,3.145501032728859
2023-07,11.78492,4069.23,58.591552018,9.572850564,13.25,1174.62,3.618560338743815
2023-08,11.42734,4070.73,58.465340321,9.277371999,13.25,1076.12,-8.38569069145766
2023-09,10.99432,4004.52,58.254994768,9.25267418,13.25,1121.64,4.2300115228785184
2023-10,10.47863,4222.43,58.122121622,9.230912384,13.25,1088.15,-2.9858064976284737
2023-11,10.14863,4038.8,58.311300931,9.007386157,13.25,1146.87,5.396314846298744
2023-12,9.27605,3948.21,57.4346329503106,10.0137173961816,13.0,1195.2,4.214078317507664
2024-01,8.34657,3915.2,55.2568287713743,12.6616358267059,13.0,1276.55,6.806392235609104
2024-02,7.73738,3931.44,56.3626881587079,11.6661447920677,12.75,1274.08,-0.1934902667345639
2024-03,7.36268,3899.34,56.6783256628859,11.2857194994358,12.25,1332.98,4.622943614215758
2024-04,7.16328,3867.98,57.1573538384964,10.646715730369,12.25,1357.31,1.8252336869270191
2024-05,7.15692,3869.1,57.5021897887705,10.3058708276143,11.75,1401.08,3.224760739993071
2024-06,7.18247,4042.8,57.1609088195717,10.2685901714668,11.75,1380.9,-1.4403174693807477
2024-07,6.86004,4036.92,57.8021195934881,9.91814462851166,11.25,1345.7,-2.549062205807806
2024-08,6.12045,4065.55,58.266060087378,9.66265784199371,10.75,1362.28,1.2320725273091917
2024-09,5.80878,4182.51,57.6878021543182,9.13447695177559,10.75,1307.59,-4.014593182018389
2024-10,5.40613,4249.47,58.0683994186871,9.13376015008587,10.25,1358.46,3.890363187237589
2024-11,5.19736,4408.65,58.5266320833907,8.16876347936255,9.75,1392.13,2.4785418783033863
2024-12,5.20306,4385.15,58.4990244860389,9.12529538036365,9.5,1379.58,-0.9014962683082884
2025-01,5.22298,4307.57,56.6553138628899,11.6360366428184,9.5,1521.74,10.304585453543847
2025-02,5.27659,4127.95,57.9904419375662,10.3304634634628,9.5,1607.57,5.640253919854898
2025-03,5.09,4137.68,58.5048685379378,9.6163686629637,9.5,1602.92,-0.2892564553954035
2025-04,5.16229,4280.26,58.1262658416623,8.78250593858903,9.5,1636.51,2.0955506201182805
2025-05,5.05211,4203.38,58.1861492527967,9.03641580932941,9.25,1608.9,-1.6871268736518452
2025-06,4.82007,4113.48,58.4279379136393,8.55402008615587,9.25,1668.33,3.693828081297768
2025-07,4.90047,4040.85,58.9019843642713,8.84181187419219,9.25,1772.88,6.266745787703876
2025-08,5.09558,4047.41,58.4443556185452,8.5984509167777,9.25,1845.6,4.101800460268024
2025-09,5.17674,3922.21,58.6611652023986,8.17348247373528,9.25,1872.36,1.4499349804941497
2025-10,5.51223,3877.84,59.680249573495,8.20367287500447,9.25,1987.12,6.129163195112053
2025-11,5.30107,3786.18,60.1722431990209,7.02485766454843,9.25,2073.28,4.335923346350512
2025-12,5.09988,3791.47,59.1898723242671,7.97710362563594,9.25,2068.01,-0.2541866028708095
2026-01,5.3536,3703.0,56.6894072123065,10.8594528142021,9.25,2474.76,19.668666979366645
2026-02,5.29003,3675.64,58.7382754174672,9.23495842518273,10.25,2222.92,-10.176340331991796
2026-03,5.55891,3717.56,59.3062115039677,8.7933861147572,10.25,2286.41,2.856153167905262
2026-04,5.68131,3617.52,59.0559978811043,8.78145680204388,11.25,2178.0,-4.741494307670102
2026-05,5.84208,3714.02,59.7338326956903,8.02065112679121,11.25,2176.9,-0.0505050505050452
2026-06,6.14275,3500.98,59.3622147621967,8.02692624470164,11.25,2269.08,4.234461849418891
2026-07,6.02629,3268.95,59.5193105775764,8.10457762160988,12.0,2392.1,5.421580552470595
2026-08,6.24169,3130.87,,,12.0,2425.08,1.3787049036411592
